id,user_id,project_id,seen_at,clicked_at,read_at,save_at,shared_at,love_at,hate_at
60,70,2,2017-12-25 00:20:14,2017-08-10 01:09:52,2018-01-11 18:13:13,,,,
56,82,2,2017-12-21 02:52:16,2017-12-08 05:20:22,,,,2018-01-22 20:45:39,
2,44,3,2018-02-13 18:47:43,2017-05-15 23:42:03,2018-03-13 13:38:16,,,2017-11-15 05:53:06,
42,59,1,2018-01-15 01:50:44,2017-10-21 08:12:21,2017-05-25 04:55:31,,,,
19,11,10,2017-11-29 07:14:05,2017-06-11 22:23:37,2017-12-08 23:43:58,,,,
85,18,1,2017-11-18 12:49:33,,2017-08-02 07:55:46,,,,
87,1,6,2017-10-14 10:04:32,2017-09-14 02:23:40,2017-09-15 16:59:09,,,,
33,46,3,2018-01-11 09:34:47,2018-03-24 23:29:21,2017-04-26 07:35:19,,,,
51,81,1,2018-01-30 09:59:44,2017-10-07 20:12:43,,,,2017-12-19 23:55:01,
19,51,5,2017-04-18 15:27:48,2017-11-19 17:49:29,,,,,
40,25,7,2017-10-31 08:07:46,2017-10-17 14:54:31,2017-04-16 16:18:20,2017-11-07 15:28:16,,,
24,40,8,2018-03-05 15:37:15,,,,,2018-01-22 18:55:34,
90,60,3,2017-10-03 19:33:09,2018-01-18 19:15:32,2017-06-06 22:53:21,,,2017-05-16 01:12:59,
41,22,8,2017-07-10 22:25:28,2017-10-30 07:10:23,2018-02-06 13:00:26,,,,
15,69,3,2018-02-18 10:26:25,2018-01-24 01:29:48,2017-04-06 17:44:24,,,,
19,43,8,2018-02-06 12:45:27,,2017-09-12 21:24:17,2017-07-01 12:26:18,,,
16,81,2,2017-11-19 04:05:01,2018-03-24 19:12:48,2018-02-16 15:51:50,,,,
68,12,3,2017-08-11 05:09:26,,2018-01-22 14:39:13,,,2018-01-23 14:22:23,
27,72,10,2017-04-01 12:30:34,2017-06-01 07:40:37,2017-12-20 06:06:10,,,,
73,4,3,2017-04-17 11:04:41,2017-08-24 10:32:10,2017-08-18 09:35:46,2017-09-15 00:16:58,,,
14,25,6,2018-01-30 10:37:04,2017-07-30 13:26:32,,,,2017-12-14 11:43:06,
53,35,2,2017-08-29 22:20:32,2018-03-26 14:50:22,2017-10-07 18:44:31,2017-12-16 09:44:23,2018-01-20 04:50:54,2017-06-30 12:40:51,2017-04-25 12:05:03
36,25,4,2017-03-30 15:43:14,2017-04-10 06:44:52,2018-02-13 16:17:43,,,,
99,68,6,2017-08-23 22:55:20,,2017-04-09 08:30:52,2017-12-10 05:12:51,,,
15,10,8,2017-12-20 16:59:54,,2017-04-12 00:39:54,,,,
27,2,8,2018-01-05 17:56:28,2018-03-14 23:23:47,2017-11-12 05:11:54,,,2017-03-31 17:39:59,
73,87,6,2017-07-27 14:35:47,2018-02-12 00:23:44,2017-08-05 09:07:33,2018-03-18 16:05:35,,2017-07-24 11:38:12,
75,97,6,2017-05-08 03:29:02,2017-08-05 19:38:06,2017-05-28 18:15:23,,,,
100,62,2,2017-08-15 22:43:15,2017-09-03 18:32:06,2018-02-13 20:46:19,,2017-11-25 03:26:38,,2018-01-11 16:57:00
67,89,3,2017-12-18 12:38:28,2017-03-31 11:51:32,2017-05-22 08:58:49,,,,
21,41,4,2018-01-31 19:52:22,2017-12-16 22:31:59,,2017-09-02 08:22:39,,,
99,30,5,2017-10-02 22:45:02,2017-08-31 10:15:19,2017-11-16 20:14:46,,,,
10,95,6,2017-05-30 00:13:29,2017-08-10 18:11:28,2017-07-20 19:49:26,,,2017-08-06 21:46:56,
68,18,8,2017-10-15 14:48:36,2017-04-02 17:29:18,,,,,
95,61,6,2018-03-05 14:20:07,2017-07-12 22:56:55,2017-04-29 00:32:07,,,,
45,32,3,2017-11-24 09:18:12,,2017-07-11 23:59:41,,,2017-10-17 21:42:10,
64,62,5,2017-05-31 03:10:19,2017-06-20 19:47:25,2017-09-09 13:19:01,,,2018-02-15 10:43:13,
73,28,3,2017-12-20 01:22:13,2017-06-10 22:46:26,2018-01-09 04:44:39,,,,
5,99,3,2017-04-15 21:13:07,2017-08-29 21:33:45,2017-12-07 15:47:19,,,2017-08-13 13:14:32,
80,93,10,2017-09-02 00:50:25,2017-10-18 02:02:18,2017-08-16 01:19:22,,,,
39,33,8,2018-03-01 11:25:45,2017-07-23 17:16:09,,2018-01-26 08:27:09,,,
80,88,1,2017-07-20 01:09:07,2017-04-03 20:30:34,2018-02-18 18:55:13,,,,
15,4,9,2017-04-28 10:03:18,,2017-11-17 01:14:29,,,2017-06-29 03:14:16,
26,69,2,2017-12-02 19:49:56,,,,2017-12-25 10:38:42,,2017-04-19 03:59:09
96,2,5,2017-11-30 06:11:30,2017-12-25 01:19:36,2017-05-01 09:30:54,,,,
48,27,4,2018-02-03 13:12:50,2017-08-20 21:03:56,2017-09-06 22:08:48,,,,
15,59,6,2017-10-07 15:50:47,2017-11-06 22:10:08,,,2018-02-27 00:52:17,2017-10-31 21:37:23,2017-09-03 15:03:24
52,91,6,2017-10-06 02:22:32,2017-10-17 12:52:06,,2017-09-02 21:58:06,,,
26,24,4,2018-02-10 16:02:47,2018-03-05 01:51:31,2017-06-28 09:44:36,,,2017-08-10 05:15:21,
82,62,1,2017-04-22 17:22:53,2017-08-16 12:23:40,2018-01-05 09:20:42,,,2017-11-08 17:57:04,
54,78,1,2018-03-26 23:36:29,2018-02-02 16:04:27,,,,2018-03-16 21:40:20,
76,13,6,2017-11-30 22:39:27,2018-02-18 09:54:15,2017-04-02 05:47:00,,,2017-05-07 05:58:44,
35,55,7,2017-11-21 07:36:07,,2017-08-21 06:45:46,,,,
20,52,6,2018-03-03 19:07:22,2017-09-20 01:59:28,,2017-08-03 23:26:33,,2017-07-05 04:21:38,
41,90,4,2017-06-05 07:33:46,2017-11-12 09:32:53,,2017-04-06 03:03:48,,,
29,52,10,2018-03-05 22:13:33,2017-12-19 18:19:34,2017-05-04 19:14:24,2017-06-22 23:51:45,2017-08-06 04:25:02,,2017-09-13 09:16:23
60,48,9,2017-11-27 19:30:38,2017-12-04 05:36:05,2017-08-03 05:11:37,2017-09-06 01:17:54,,,
44,82,3,2017-09-22 05:02:22,2017-08-28 05:46:04,2017-06-17 14:27:25,,,2017-07-09 01:57:21,
51,41,5,2017-04-29 02:34:44,2017-12-09 09:50:14,,,,,
40,82,4,2017-09-03 05:01:17,2017-09-18 06:57:48,2017-05-21 17:04:39,,2017-10-07 18:45:54,,2017-11-15 05:02:39
24,28,5,2017-07-17 02:32:19,2017-12-08 19:30:02,2017-10-20 23:53:53,2017-11-01 06:46:09,,,
97,51,4,2017-10-13 01:52:43,2017-05-28 08:23:38,,2017-04-12 18:22:32,,2017-07-08 22:53:04,
8,76,9,2017-05-09 03:21:40,2017-05-19 15:13:39,2017-11-03 01:04:18,,,,
17,33,2,2017-10-01 19:16:19,2017-11-08 17:42:15,2018-01-27 19:28:36,,,,
8,88,9,2017-11-24 09:58:10,2017-05-20 19:00:18,2017-08-14 08:39:09,,2017-07-07 10:36:40,,2018-02-14 22:21:19
10,3,7,2017-12-19 02:19:34,2017-05-22 04:16:15,,2017-12-19 05:13:07,,,
8,69,8,2017-05-03 00:30:18,2017-10-27 01:00:17,,,2017-12-07 21:35:48,,2017-08-28 12:26:06
54,29,3,2017-12-18 14:01:24,2017-11-08 03:50:13,2017-05-08 10:50:49,,,,
29,9,7,2017-04-12 03:57:48,2017-12-16 09:18:49,2017-04-19 10:36:46,,,2017-12-10 20:09:29,
37,43,7,2017-11-14 17:16:59,2017-07-07 02:11:37,2018-03-07 00:54:09,,,2017-05-01 09:40:09,
92,53,7,2017-07-14 16:40:25,2018-01-06 19:00:51,2017-04-13 04:19:49,,,,
31,53,8,2018-02-10 20:10:07,2017-04-21 17:40:42,2017-10-09 06:04:36,2018-02-11 01:16:47,,2017-06-06 19:52:23,
19,48,1,2017-05-18 05:29:14,2017-11-18 10:36:50,,,,,
84,25,8,2017-06-26 20:03:14,2017-08-04 11:02:31,2017-05-26 21:00:29,,,,
34,40,7,2017-10-01 00:22:55,2017-06-23 01:30:40,2017-08-09 17:21:00,,,2017-06-11 18:19:49,
91,30,2,2017-07-15 17:45:43,2017-12-29 07:42:35,2017-11-06 07:11:13,,,,
64,56,8,2018-03-15 18:28:19,2017-07-17 00:33:25,2017-12-17 15:16:04,,,,
53,85,9,2017-07-05 09:14:05,2018-03-22 23:55:42,2017-04-14 00:03:57,,,,
71,27,1,2017-12-24 15:38:07,2017-12-16 18:28:41,2017-08-19 21:49:23,,,,
30,85,4,2017-11-20 22:53:18,2018-02-24 09:19:21,2018-01-29 09:22:53,,,2018-02-22 14:13:05,
11,33,7,2017-11-16 20:04:09,2017-06-28 19:55:37,2017-06-16 03:23:10,,,,
55,18,5,2017-07-12 22:35:15,2017-05-10 14:50:27,2017-08-18 08:10:18,,,,
19,50,7,2017-05-05 02:28:40,2017-04-29 15:56:08,2017-10-09 07:08:42,,,,
74,42,4,2017-09-07 19:11:00,2017-04-29 23:12:02,2017-05-30 01:47:28,2018-02-10 23:05:45,,,
89,91,4,2017-11-20 05:16:35,2017-10-02 01:39:01,2018-03-20 16:01:34,,,,
60,86,9,2018-01-10 18:51:33,2018-01-21 05:04:20,2018-03-02 09:25:25,2017-03-30 04:12:37,,,
59,45,9,2017-07-21 23:10:14,,,,,,
7,33,2,2018-01-05 00:15:10,2017-05-16 19:29:48,2018-01-27 08:43:49,,,,
68,18,2,2017-08-07 14:55:26,2017-06-24 12:08:43,2018-02-17 04:43:35,2017-08-11 04:36:50,,,
68,87,8,2018-01-31 22:26:42,2017-08-14 07:20:04,2017-10-26 08:46:49,2017-12-11 06:42:54,,,
52,91,10,2017-12-13 19:57:24,2017-05-15 07:27:14,2017-09-04 03:42:10,,,,
74,41,5,2017-11-15 01:54:30,2017-10-28 23:37:08,,,,,
51,4,10,2018-03-02 08:41:43,2018-03-13 12:04:19,2018-03-22 05:34:42,2017-06-02 20:01:46,,,
98,5,5,2017-11-15 13:21:19,2017-08-15 19:28:50,2017-08-12 16:36:36,,,,
100,66,10,2017-09-16 21:48:32,2018-01-28 12:54:58,2017-04-07 13:36:16,,,2017-04-29 06:51:55,
57,10,4,2018-01-20 18:10:14,2018-01-06 12:19:07,2017-11-20 17:38:17,,,2017-06-01 17:01:02,
57,84,4,2018-02-23 00:59:28,2018-02-18 14:42:31,2017-07-10 03:43:02,,,,
79,13,2,2017-11-09 21:34:35,2017-04-07 13:51:20,2018-03-22 06:08:19,,,,
11,29,5,2017-04-06 23:26:33,2017-07-27 11:33:57,2018-03-15 11:34:36,,,,
34,67,3,2017-05-01 12:07:34,2017-08-15 23:02:56,2017-04-23 17:43:57,,2017-12-19 14:15:11,,2017-06-03 22:44:13
13,86,10,2017-05-31 23:22:08,2018-03-25 08:50:45,,,,,
23,74,8,2017-12-03 13:51:09,2017-10-06 15:43:06,2018-02-05 06:56:44,2018-02-01 20:42:12,,2018-03-13 08:47:52,
59,71,7,2017-08-31 06:01:47,2018-03-21 16:44:10,2017-07-03 02:01:49,2017-11-23 16:13:15,,,
84,91,6,2017-11-18 05:37:46,2018-01-30 12:16:20,2017-05-04 12:56:40,,,,
46,86,4,2018-03-12 06:49:23,2018-03-05 07:50:31,2017-07-18 19:29:56,,,,
83,29,1,2018-03-26 17:24:59,2017-11-16 07:32:06,2018-02-07 09:59:54,,,2017-07-07 15:55:42,
97,1,3,2017-07-28 06:10:48,2017-10-25 09:45:04,,,,2017-11-30 10:19:37,
72,7,8,2017-10-09 18:21:15,2017-11-22 20:11:12,2017-09-29 06:53:41,,,,
5,4,1,2017-12-21 02:51:22,2017-09-12 02:50:09,2017-07-21 07:38:26,,,,
62,17,9,2017-05-22 17:02:57,2018-02-14 22:34:55,2018-01-18 15:11:43,,2017-07-26 08:07:14,,2017-05-21 20:07:43
28,90,7,2017-08-12 08:31:14,2018-02-18 02:48:32,2017-09-25 18:29:57,,,,
95,87,10,2017-08-20 02:54:48,2017-04-13 21:45:56,2018-02-09 03:26:31,,,,
29,54,10,2017-09-13 21:21:37,,2017-08-02 10:59:38,,,,
44,56,6,2017-12-04 09:55:16,2017-09-28 22:54:02,2017-05-09 12:08:26,,,,
3,6,7,2018-03-25 05:27:42,2017-10-02 07:30:07,2017-06-29 05:16:50,,,,
5,64,1,2017-07-17 06:09:28,2017-09-19 06:02:13,2018-01-05 08:55:55,,,,
44,40,5,2017-12-18 01:23:27,2017-10-18 04:45:32,2017-07-17 10:50:11,,,,
62,45,10,2017-08-01 23:57:27,2018-01-02 21:18:00,2017-10-05 17:16:21,,2017-08-17 17:39:08,,2017-04-12 21:48:29
59,3,4,2017-08-25 07:51:02,2017-09-08 21:23:25,,,,2017-05-03 14:35:32,
51,56,10,2017-05-11 21:50:08,2017-06-12 05:09:32,2017-06-26 03:40:22,,,,
13,76,8,2017-10-16 05:01:31,2018-01-30 23:06:39,2017-12-09 21:01:58,,,,
61,30,5,2017-10-08 12:51:09,2017-07-30 22:39:22,2017-05-28 15:27:02,2017-10-02 18:38:09,,,
93,50,8,2017-12-29 23:12:29,2017-10-23 13:48:20,,,,,
57,76,5,2017-10-27 14:24:14,2017-08-17 09:03:50,2017-04-01 14:34:13,2018-01-10 02:16:59,2017-11-03 04:48:30,,2017-04-27 05:25:18
18,92,4,2017-04-21 10:56:56,2017-10-02 12:15:50,,2018-01-16 00:22:32,,2017-08-03 19:20:31,
27,87,9,2017-12-02 22:14:25,,2017-04-24 02:44:48,,2017-11-22 21:53:30,,2017-05-20 11:34:45
84,77,1,2017-08-18 19:23:54,2018-02-03 14:46:40,2017-04-19 03:21:14,,,,
72,74,7,2017-10-31 00:28:04,2017-05-13 11:24:53,2017-09-11 19:35:44,,2017-04-12 19:18:18,,2017-09-14 03:58:26
27,56,9,2017-03-30 20:41:22,2017-12-11 22:23:42,2018-02-10 03:23:53,,,2017-08-04 22:03:50,
68,49,1,2017-09-02 14:23:10,2017-04-04 13:52:25,2018-03-05 03:25:24,,,,
21,77,8,2018-02-14 04:35:41,2018-01-17 01:42:22,,,,,
99,24,4,2017-08-23 23:46:50,2018-02-28 02:33:54,,,,2018-01-02 01:36:42,
82,46,5,2017-07-17 15:57:35,2018-01-08 06:13:41,,,,2017-04-23 07:31:33,
98,64,7,2018-02-03 16:46:43,2017-11-23 22:34:44,,,,,
42,13,4,2018-01-09 14:54:58,2017-08-10 20:42:15,2017-12-25 06:53:39,2017-11-02 07:26:56,,,
72,9,5,2017-10-09 03:52:06,2017-09-16 14:52:11,,,,2017-05-02 00:52:52,
52,25,3,2017-08-22 07:15:28,2017-07-05 21:55:12,,2017-11-17 02:53:04,,,
34,2,10,2017-05-31 16:47:01,2017-05-08 03:47:49,,,,,
99,80,4,2017-12-05 01:16:54,2017-07-17 12:14:01,2018-01-18 06:49:25,,,,
39,73,7,2018-02-26 21:45:19,,,,2017-08-23 09:51:24,,2017-05-29 04:58:54
85,43,9,2017-06-21 06:18:40,2017-10-03 18:33:40,2017-10-09 01:08:18,2017-11-18 23:36:19,,,
91,16,9,2018-01-31 12:40:44,2017-05-14 11:39:37,2017-03-31 05:58:53,2018-01-15 15:12:39,,,
70,36,4,2017-07-17 13:42:54,2018-03-14 18:12:16,2017-09-20 01:42:58,2018-03-12 05:57:32,,,
73,41,2,2017-11-02 07:18:18,2018-03-05 04:11:28,2017-12-16 04:04:16,,,,
70,22,6,2018-03-03 16:06:50,2017-06-08 11:53:55,,,,,
85,6,7,2017-11-26 04:05:05,2017-07-30 07:24:14,,2017-07-24 08:41:40,,2017-10-28 12:25:06,
70,84,1,2017-09-24 02:59:56,2017-11-20 10:44:01,2017-04-27 22:59:13,2017-08-05 00:58:35,,,
34,3,8,2017-05-14 15:08:36,2018-03-07 23:46:40,2017-12-06 14:15:08,,,,
17,48,9,2017-08-05 07:04:31,2018-02-10 23:00:36,2017-10-27 19:11:22,2017-07-16 15:44:50,,,
80,83,7,2017-09-13 13:03:45,2017-08-17 07:38:05,2017-12-16 16:30:57,,,,
90,72,2,2018-02-17 18:33:02,2018-02-06 00:23:55,2017-09-19 05:36:28,2017-11-19 05:57:45,,,
24,14,9,2017-05-30 10:51:59,2018-01-19 03:38:48,2018-03-09 04:20:11,2018-01-19 00:54:05,,2017-06-25 22:05:58,
57,37,6,2018-02-03 11:53:46,2017-10-07 18:43:00,2017-12-14 06:54:55,2017-04-11 12:04:56,,,
57,66,8,2017-10-04 13:14:35,2017-10-17 11:30:31,2017-05-21 20:43:10,,2017-10-31 12:53:54,,2017-08-22 12:38:00
60,41,1,2018-01-27 21:50:48,,2017-11-21 08:55:08,2018-02-05 16:11:21,,2018-01-15 04:42:31,
44,47,5,2018-03-15 18:03:04,2017-07-29 10:11:15,2017-09-11 02:00:53,,,2017-12-19 03:02:32,
74,85,9,2018-02-26 14:33:01,2017-09-30 10:23:43,2017-10-16 20:39:02,2017-09-25 02:28:57,,,
37,93,1,2017-10-29 16:26:40,2018-02-01 12:45:10,2017-04-15 17:42:17,,,,
86,61,7,2017-09-04 15:16:23,2018-01-29 00:12:46,2018-03-04 11:43:57,2017-10-14 06:22:00,,,
26,17,9,2017-09-24 10:16:05,,2017-06-14 03:49:14,,2017-12-24 17:54:06,,2017-07-11 19:31:25
39,67,1,2017-04-20 04:39:11,2017-12-23 19:43:59,2017-07-31 13:52:11,,,2017-08-28 14:17:54,
37,11,2,2017-06-20 10:00:18,2017-07-03 16:56:18,2017-09-27 19:00:23,,,,
76,79,7,2017-11-06 17:45:44,2017-09-24 08:53:55,,,2017-06-23 10:55:42,,2017-06-14 18:53:10
50,57,1,2018-03-18 20:17:46,2017-10-07 08:23:12,,,,,
27,55,5,2017-09-16 13:26:14,2018-02-02 09:39:41,2017-10-03 13:01:31,,,,
23,99,3,2018-02-23 15:08:17,2017-12-24 04:51:00,2018-02-26 21:03:11,,,,
50,86,1,2017-11-17 10:00:47,2017-09-12 06:50:18,2017-08-10 13:20:39,,,,
70,62,5,2017-12-15 22:21:12,2017-07-06 08:14:07,2017-05-24 02:56:21,,,,
95,98,2,2018-03-24 08:19:20,2017-09-23 00:58:33,2017-12-26 18:21:16,,,,
51,88,8,2017-09-09 18:27:56,2017-07-03 23:38:24,2018-02-28 20:47:12,,,2017-03-31 20:07:58,
35,13,4,2018-01-05 18:32:06,2017-05-02 15:25:44,,2017-11-12 12:29:15,,,
33,33,8,2017-04-21 10:12:31,2017-05-03 15:52:04,2017-06-15 04:49:47,2017-05-07 22:25:12,,,
55,16,3,2018-01-27 15:33:54,2017-10-29 06:31:34,2017-05-28 04:54:06,,2017-08-26 04:40:05,,2018-02-17 01:46:28
30,25,1,2017-07-11 15:33:46,2018-01-17 15:22:57,,,2017-08-03 05:42:33,2017-11-01 12:02:23,2017-07-09 23:54:28
91,50,8,2017-10-04 22:50:00,2017-05-03 13:32:17,,,,,
21,88,1,2017-07-29 02:39:29,2018-02-10 09:52:11,2017-09-26 11:47:26,,,,
87,65,8,2018-02-12 10:53:36,2017-10-06 18:50:51,2018-03-02 20:41:22,2018-01-29 22:41:51,,,
41,45,5,2017-05-30 12:41:57,2017-11-10 21:58:22,2017-08-13 06:47:06,,,,
31,41,7,2017-12-04 04:05:08,2018-03-17 04:18:07,,2017-06-10 18:21:10,,,
16,51,3,2018-02-20 08:34:47,2017-12-31 16:35:46,,,,,
19,17,4,2017-09-03 13:43:08,2017-11-25 03:13:47,2017-06-26 22:09:33,,,,
74,40,5,2018-03-08 09:33:29,2018-02-23 09:58:18,2017-12-30 12:13:52,,2018-03-21 01:51:02,,2017-05-28 07:12:09
79,19,7,2018-02-11 13:45:54,2018-03-19 07:42:54,2017-06-17 19:50:11,2017-08-30 17:11:56,,2018-01-17 15:53:10,
28,54,3,2017-04-05 07:32:56,2017-07-07 18:12:55,,,,2017-04-12 13:39:03,
75,15,2,2017-08-08 03:49:28,2017-10-29 03:21:09,,,,,
76,40,7,2018-01-26 11:52:56,2017-04-07 06:19:23,,,,,
26,26,3,2017-11-13 23:29:48,2017-06-14 15:47:17,2017-05-06 22:06:34,2018-01-26 06:54:08,,,
45,52,2,2017-10-16 13:29:09,,2017-09-15 09:33:43,,,,
46,29,8,2017-12-20 16:03:55,2018-02-05 16:25:37,2017-12-12 23:52:44,2017-06-06 21:25:51,,,
36,31,4,2017-06-16 23:19:54,2017-06-15 14:37:26,2017-09-17 16:35:39,2017-12-03 01:21:29,,2017-04-28 18:24:18,
88,64,5,2018-02-23 19:30:07,2018-03-03 14:47:20,2017-04-23 02:41:49,,,2017-04-05 07:23:03,
62,81,8,2017-07-03 05:04:41,2018-03-02 08:59:19,2017-11-04 11:31:34,,,,
2,94,7,2018-02-20 23:44:49,2017-05-05 00:38:33,,2017-04-30 20:56:03,2018-03-19 08:49:25,2017-11-19 04:14:53,2017-09-08 15:05:51
62,31,10,2018-02-25 14:57:30,2017-08-31 02:01:36,,,,,
84,4,10,2017-04-20 21:48:05,,2018-03-24 05:20:17,,,,
71,29,3,2017-05-23 23:59:01,,2017-11-11 07:28:06,,,2018-02-10 09:45:40,
29,16,6,2017-11-16 21:16:23,,2018-01-15 06:28:43,,,,
23,73,9,2018-01-06 15:35:55,2017-05-13 17:13:08,2017-06-25 20:49:32,,,,
51,12,6,2017-08-04 23:15:01,2017-10-17 07:45:59,2018-02-10 03:56:02,,,,
33,7,7,2018-02-24 00:12:26,,,,,,
54,16,9,2017-07-16 06:45:17,,2017-05-01 08:49:36,,,,
77,51,3,2018-01-20 10:09:28,2018-03-26 08:17:10,2017-05-06 18:14:01,,2017-10-15 18:13:10,2017-12-20 20:54:44,2018-03-18 21:13:06
13,52,5,2017-06-02 09:48:38,2017-04-08 16:07:06,2017-08-07 06:46:52,,,2017-08-26 14:50:45,
68,62,7,2017-12-11 04:46:27,2017-10-13 02:56:18,2017-12-23 23:53:48,,,,
71,20,4,2017-07-15 07:00:23,2017-09-03 22:14:47,2017-04-01 08:38:57,,2017-08-04 23:01:27,,2017-08-16 03:50:30
55,26,5,2017-04-06 03:05:59,,2018-03-18 16:37:34,,,,
20,50,5,2017-10-29 17:26:20,2017-07-01 03:29:15,2018-03-09 02:18:45,,,,
27,15,4,2017-09-17 02:48:32,2017-04-17 18:18:03,2017-12-28 11:51:59,,,2017-08-31 01:49:48,
96,23,7,2017-06-12 22:42:37,2018-01-25 20:47:30,2017-12-10 14:47:30,,2017-11-23 17:56:43,2017-04-17 11:19:31,2017-07-22 05:56:31
62,5,6,2018-03-17 16:04:35,2017-10-08 15:50:13,2017-11-28 16:36:13,,,,
3,29,5,2018-01-02 04:48:36,2017-07-29 10:29:11,2018-02-18 12:52:10,,,,
68,6,7,2018-03-07 16:43:29,2017-06-21 10:18:09,,,,,
44,50,5,2017-04-27 07:53:54,2017-09-07 11:24:18,,,,,
37,50,7,2017-10-29 16:11:57,2017-07-24 16:42:10,,,2017-05-27 00:59:47,,2017-12-20 15:41:57
51,65,4,2017-09-09 17:06:59,2017-07-16 00:34:55,,,,,
44,26,4,2017-05-04 12:04:06,,2017-04-01 00:27:14,,,,
80,28,6,2017-11-29 10:10:41,2017-06-27 08:51:53,2018-01-16 17:05:03,,2017-09-08 15:22:56,2017-03-31 13:35:36,2017-07-08 15:19:40
81,58,5,2017-07-15 14:29:05,2017-05-14 23:31:15,,,,2017-04-15 11:52:51,
60,77,9,2017-05-23 10:20:07,2018-03-13 22:49:26,2018-01-28 04:30:50,,,2017-07-01 09:12:20,
49,28,4,2017-09-23 03:11:01,2018-01-05 15:02:44,2017-04-12 00:03:06,,,,
56,36,5,2017-09-15 04:33:41,2018-01-21 00:56:38,,2018-02-10 02:28:28,,,
73,92,9,2018-01-20 21:34:23,2018-03-19 20:58:00,,,,,
19,9,6,2018-01-04 08:56:40,2017-07-01 20:51:56,,,,,
23,98,5,2017-06-11 11:27:31,2017-07-24 19:12:03,2018-03-27 12:30:02,,,2017-10-30 22:47:18,
76,75,3,2017-09-03 11:51:39,2018-01-25 23:52:40,,,,,
12,9,9,2017-05-21 22:34:10,2018-02-27 15:51:42,2017-07-23 01:10:50,,,,
22,25,9,2017-07-14 19:16:03,2017-09-10 04:44:21,,,,,
18,42,1,2017-11-14 06:31:46,2017-12-24 13:25:50,2017-04-22 06:44:55,,,,
61,25,9,2017-06-11 10:35:44,2018-02-28 21:04:06,,2018-03-14 00:53:36,,,
63,48,3,2017-07-22 21:06:59,2017-06-26 04:46:28,2017-08-27 19:38:45,,2017-12-28 17:46:27,2017-10-10 04:42:17,2018-02-26 03:54:25
82,72,9,2017-12-16 11:27:39,2017-05-03 01:37:30,,,,2017-05-18 08:08:01,
94,88,9,2018-03-02 03:02:42,2017-04-18 22:02:36,,,2017-12-05 22:45:08,,2017-11-28 23:23:02
38,96,1,2017-06-13 00:48:46,2017-04-04 18:08:43,2017-12-06 19:44:02,2018-02-26 23:06:35,,2017-10-08 13:08:54,
8,9,4,2017-07-26 20:16:01,2017-05-11 08:26:02,2017-10-10 22:00:56,2018-01-11 09:13:39,,,
51,4,9,2017-09-26 01:48:10,2017-06-29 13:01:37,,2017-05-22 21:20:37,,,
5,88,9,2017-11-26 11:07:37,2017-12-13 11:54:23,2018-02-13 20:22:56,,,,
11,88,5,2017-08-10 06:05:13,2017-08-10 22:11:04,,,,,
5,46,1,2018-01-21 18:14:46,,2017-12-20 07:03:42,2017-11-10 08:46:44,,,
97,76,10,2017-12-26 01:49:37,2017-09-10 22:05:00,2017-10-01 17:52:13,,,2017-06-08 10:03:24,
35,15,8,2017-07-27 10:23:56,,,,,,
1,23,4,2017-04-16 02:38:24,2017-10-01 10:15:44,2018-01-27 16:14:17,2017-07-10 15:09:21,,,
34,20,1,2018-01-30 10:45:06,2017-08-13 05:00:14,2018-02-09 06:14:53,,,2017-11-30 15:42:59,
75,41,4,2018-03-15 15:53:13,2018-02-28 13:56:50,2017-04-19 19:26:13,,,,
75,35,2,2018-03-24 07:36:30,2018-02-27 16:38:54,,2017-11-05 08:09:53,,,
46,37,6,2017-07-19 23:51:15,,2017-05-24 01:34:31,,,2017-11-20 13:04:48,
63,26,10,2018-01-16 10:50:20,2017-03-29 06:26:51,2017-07-08 02:07:02,2017-07-20 05:42:05,,,
7,27,2,2017-04-22 21:17:27,2017-12-02 00:59:41,,,,,
8,2,7,2018-03-20 00:30:49,,2018-03-08 05:44:09,,,2017-04-29 06:38:59,
7,97,2,2017-05-20 06:53:05,2018-03-09 21:45:03,2017-06-23 05:50:32,,,,
80,9,2,2017-11-02 20:28:04,2018-03-07 05:05:56,2017-10-19 13:57:31,,,2017-08-19 19:57:28,
57,51,2,2017-12-11 12:23:41,2017-12-08 18:18:21,2017-11-20 22:24:46,,,,
93,60,5,2017-12-13 07:00:26,2017-07-17 05:47:08,2017-05-27 19:52:34,,,,
7,54,8,2017-05-16 09:47:19,2018-01-08 23:54:15,2017-08-25 15:58:19,,,,
97,31,7,2017-08-22 03:02:21,2017-06-06 15:12:27,2017-06-20 02:54:21,2017-05-02 02:18:03,,2018-01-17 07:19:11,
95,42,5,2017-04-22 07:16:37,2017-04-19 16:03:31,,,,,
36,29,2,2017-08-14 00:57:14,2017-05-22 13:06:32,2017-12-12 06:35:26,,,,
80,96,4,2017-07-05 17:21:45,2017-05-21 04:57:09,2017-10-05 18:09:42,2017-04-10 21:43:49,,2017-08-20 08:00:33,
22,41,8,2018-01-18 05:08:09,2017-09-19 14:11:53,2017-07-31 03:15:07,,,,
27,46,5,2017-07-29 11:28:04,2017-09-08 05:06:16,2018-01-08 22:37:28,,,2017-04-03 20:13:29,
74,89,1,2018-01-11 09:56:13,2017-06-28 06:31:10,,,2017-10-03 12:51:16,2017-06-15 02:42:52,2017-12-06 22:29:29
86,20,3,2017-03-31 07:28:32,2018-03-09 05:24:46,2017-04-27 12:44:32,,,,
86,31,6,2017-12-21 10:39:07,2018-02-10 12:46:36,2017-04-27 10:22:16,,,,
41,81,5,2018-02-16 17:09:53,,2018-01-21 16:37:34,,,,
66,81,8,2017-10-19 13:00:48,2017-08-08 21:45:51,2017-04-12 09:04:10,,,,
11,21,6,2017-10-30 16:41:48,2017-04-22 07:51:25,,2018-03-19 02:44:02,,2017-11-19 20:12:18,
90,41,7,2017-10-19 04:19:12,2017-09-14 16:49:22,2017-11-11 01:58:21,,,,
4,69,6,2017-12-19 07:47:01,2017-04-11 19:21:09,,,,2017-06-01 13:28:18,
82,41,2,2017-11-21 20:00:38,2018-02-08 18:17:26,2017-08-23 12:01:38,,,,
88,17,2,2017-10-14 14:37:05,2018-03-08 18:27:38,,2017-10-12 10:22:48,,,
26,98,2,2018-02-20 17:11:59,2017-07-25 12:49:24,2017-10-09 02:29:40,,,,
45,69,3,2017-11-19 08:21:55,2018-01-23 17:53:37,2017-09-18 06:07:26,,,,
70,70,6,2017-12-20 14:56:22,2017-05-02 10:20:29,2017-07-03 15:13:56,,,2018-02-04 20:57:57,
43,56,10,2017-03-31 09:04:09,2017-12-08 03:26:04,2017-06-15 19:09:17,,,,
1,54,7,2017-12-10 00:09:52,2018-01-20 04:34:22,,,,,
28,74,1,2017-07-11 19:12:14,2017-10-06 11:03:10,2018-02-08 23:26:51,,2017-09-16 11:58:11,2017-07-26 05:10:18,2017-05-11 20:21:40
90,96,7,2017-04-10 11:16:27,2017-05-12 19:07:01,,,,,
11,57,4,2018-02-21 01:02:04,2017-10-29 00:00:00,2017-08-12 15:12:34,,,,
24,60,10,2017-11-02 12:28:53,2017-06-12 11:00:48,,2017-04-14 18:42:30,,2018-01-24 03:05:39,
27,72,3,2017-07-14 12:57:20,2018-03-02 07:38:09,2018-01-20 23:44:55,,,2018-02-27 02:25:02,
94,46,8,2017-06-16 08:25:18,2018-02-26 10:36:48,2017-06-20 21:13:01,,2017-10-03 09:55:26,,2018-02-25 19:14:36
80,46,8,2017-04-14 01:05:43,2018-02-20 06:22:07,2018-02-06 15:40:36,,2017-12-10 20:22:48,2017-05-29 02:26:02,2018-03-28 07:49:35
9,1,7,2018-02-24 13:09:37,2018-03-12 22:33:44,2018-01-05 17:46:05,,2017-12-01 02:35:03,,2017-06-18 07:03:03
75,46,7,2018-01-14 20:03:12,2017-07-20 01:27:48,2018-03-07 21:44:33,,,,
6,60,7,2017-08-13 03:49:25,2017-12-27 01:33:53,2017-06-13 11:13:33,,,,
71,95,5,2017-07-07 06:06:15,2018-01-21 05:27:41,,2017-08-27 13:54:35,2017-09-26 13:02:37,,2018-02-12 13:26:03
39,81,1,2017-11-22 00:12:56,2018-03-14 02:56:26,,,,,
9,15,7,2017-08-02 19:48:05,2017-12-22 06:24:53,2017-08-10 08:53:04,,,,
90,36,3,2017-11-27 21:14:20,2017-05-28 02:41:19,,,,,
79,8,9,2017-04-29 23:58:30,,,,,,
46,47,7,2017-11-28 07:59:57,2017-06-10 04:53:49,,,,,
18,86,4,2017-10-16 05:30:37,2017-05-26 03:08:33,2017-05-06 15:38:56,,2017-04-18 17:23:04,,2017-07-02 01:06:33
8,75,10,2017-10-05 10:47:20,2017-08-27 23:27:52,2017-07-02 08:57:25,,,,
77,10,7,2017-11-29 14:30:26,2018-03-21 16:59:25,,,,,
62,93,9,2017-08-17 01:13:40,2017-11-23 09:00:17,2018-01-26 02:05:39,,,2017-04-02 02:00:14,
33,2,1,2017-07-16 15:56:58,,2018-03-14 01:53:25,,,,
17,9,3,2017-12-20 15:31:52,2018-03-05 22:13:21,2017-04-23 11:53:36,,,,
58,51,7,2017-07-24 08:11:04,2017-09-26 04:40:38,,,,,
50,88,2,2017-11-13 02:53:38,2017-07-18 21:59:35,2017-04-07 11:32:20,,,2017-06-14 14:33:50,
89,56,2,2017-08-03 18:03:21,2018-02-21 15:37:49,2017-08-09 15:56:38,,,,
40,44,3,2017-06-07 21:50:21,2017-11-01 08:47:13,,,2017-07-08 19:39:57,2017-10-28 17:50:59,2018-01-02 18:34:07
73,95,2,2017-10-25 18:55:40,2017-07-21 04:38:26,2018-03-14 13:52:44,,,,
62,12,3,2018-01-28 02:51:19,2017-06-08 07:00:01,,2017-04-13 19:50:21,,,
28,91,2,2017-10-22 23:37:08,2017-10-17 04:55:01,,,,,
48,76,7,2017-11-30 06:59:43,2017-06-07 09:35:28,2017-05-01 23:00:20,,,,
99,20,7,2017-07-06 06:36:32,2017-08-06 08:18:02,2017-09-20 02:51:41,,2017-11-15 01:28:24,,2017-08-28 14:51:31
41,54,7,2017-06-15 12:17:14,2017-11-09 17:25:33,2017-08-08 16:25:41,,,2017-10-03 05:57:05,
7,94,5,2017-06-09 22:15:11,2017-11-14 05:04:44,,2017-06-23 10:23:48,,2017-09-09 09:10:57,
24,9,3,2018-01-24 20:40:14,2018-01-14 16:07:20,,,,,
73,83,4,2017-09-13 13:22:39,2017-11-04 23:43:32,2017-11-01 19:19:08,,,,
70,29,4,2017-12-11 22:08:40,2017-09-28 16:38:36,2017-07-25 22:25:00,,,2017-11-15 09:59:32,
6,42,9,2017-07-15 00:05:50,,,2017-05-20 10:49:10,2017-06-12 22:24:07,2017-12-27 01:35:39,2017-06-20 02:01:55
93,86,1,2018-03-22 19:43:30,2017-04-22 18:00:54,2017-12-22 12:35:00,,,,
72,37,9,2017-04-01 15:16:03,2017-12-10 23:14:29,,,,,
67,56,3,2018-02-25 14:17:56,2017-06-02 16:13:09,2018-01-30 17:39:17,,,,
2,96,1,2017-05-27 09:23:28,2017-11-09 05:31:07,,,,,
31,45,4,2017-08-14 10:58:10,2018-02-17 07:13:40,,,,,
79,52,9,2018-01-15 09:26:34,2017-08-16 22:38:33,2017-09-03 21:43:49,,,,
26,10,6,2018-02-17 12:11:52,2017-09-21 12:49:59,,,2017-07-19 07:28:00,,2017-05-09 04:31:00
78,21,10,2017-04-14 13:01:27,,2018-02-16 14:45:27,,,2017-08-30 22:17:57,
52,85,6,2017-06-12 22:08:41,2018-03-22 02:49:56,2018-03-20 12:15:51,2018-01-20 07:07:13,,,
37,78,7,2017-09-21 09:44:24,2017-11-11 17:34:44,2017-07-20 07:00:12,,,,
8,17,5,2017-06-20 17:15:08,,,,,2018-01-26 16:46:33,
72,64,3,2017-04-26 04:03:53,2017-12-12 05:45:07,2017-04-27 09:35:40,,,,
74,17,2,2018-02-06 08:04:47,2017-10-16 13:36:56,2017-10-19 01:53:17,,,2018-03-08 09:50:26,
73,81,6,2017-12-21 09:54:21,2018-01-06 21:24:16,2017-12-07 04:27:10,,,2017-11-22 14:22:53,
88,2,5,2018-01-13 14:46:30,2017-11-23 08:28:46,2018-03-04 00:31:09,,,2018-01-10 18:59:16,
57,92,4,2017-08-14 03:31:29,2017-11-07 02:56:50,2017-04-05 00:11:50,,,,
25,89,10,2017-04-25 08:05:08,2017-10-03 12:02:27,2018-01-29 00:55:53,,,,
45,47,6,2018-01-18 21:49:11,2017-10-19 19:01:18,,,,2017-06-10 01:04:21,
27,92,4,2017-12-11 17:42:05,2017-07-30 05:08:48,2017-07-11 22:09:16,,,2017-08-27 03:24:13,
55,89,1,2017-05-30 04:51:12,2017-09-29 13:27:53,2017-05-29 23:51:49,,,,
62,99,2,2018-03-25 12:42:23,2017-03-29 22:56:29,,,,,
53,38,4,2017-11-04 01:40:49,2018-01-14 02:44:10,2017-04-28 21:47:13,,,,
41,21,8,2017-09-13 23:31:17,2017-08-18 06:29:14,2017-04-23 20:47:30,,2017-12-30 18:17:12,,2017-11-18 05:08:30
60,3,6,2017-12-11 17:16:00,2017-08-01 09:16:50,2017-07-28 04:01:47,,,2017-11-18 10:16:48,
77,32,5,2017-08-31 04:32:54,2017-06-16 15:54:34,2017-12-01 11:11:06,,,,
73,55,9,2017-04-08 00:52:10,,2017-04-18 00:28:30,,,2018-01-11 16:04:56,
99,60,4,2017-10-05 14:33:54,2017-11-26 13:11:09,2017-08-17 15:47:13,,2017-11-04 12:32:25,,2017-05-03 08:32:38
78,64,7,2017-09-03 16:33:39,2017-11-30 14:54:15,2017-06-29 21:20:07,,,,
28,4,1,2018-02-14 11:01:29,2017-04-09 00:32:57,,,,,
77,85,5,2017-05-13 12:27:45,2017-07-30 16:53:34,2017-04-18 01:17:30,,,,
57,33,5,2018-01-24 00:34:46,2017-05-24 01:34:43,,,,,
46,76,6,2018-01-27 14:36:24,2017-06-25 08:48:49,2017-08-29 22:29:50,2017-10-12 21:17:45,2017-08-07 17:24:00,2018-02-22 18:29:29,2017-06-13 03:19:53
17,46,6,2018-02-18 19:26:37,2017-12-10 21:15:57,2018-03-03 23:25:02,,,,
32,78,8,2017-10-09 08:52:45,2017-12-20 03:00:26,2017-07-02 20:24:00,,,2018-02-17 20:38:34,
5,39,1,2017-06-22 21:39:27,,2017-12-02 23:59:10,,,2017-12-05 12:12:57,
64,65,3,2017-05-11 21:29:57,,2017-11-23 08:04:20,,,2017-05-02 16:26:30,
20,43,1,2017-05-28 20:49:43,2017-08-29 16:08:36,,,,2017-09-13 02:43:06,
83,40,4,2017-05-04 01:41:06,2017-09-28 18:49:18,,2017-04-18 14:54:04,,,
48,48,2,2017-10-21 03:23:56,2017-07-04 14:59:58,2017-12-22 21:05:18,,,,
72,66,10,2017-11-08 21:27:55,2017-10-23 05:35:25,2017-10-28 14:34:33,,,,
24,52,10,2017-12-12 18:42:55,2017-04-15 01:50:43,2017-05-14 08:30:26,2017-10-31 20:58:31,,,
34,10,9,2017-10-06 01:12:16,2017-09-13 10:26:49,2018-01-14 08:50:09,,,2018-03-13 18:06:16,
94,84,2,2017-12-15 00:56:02,2017-06-24 02:01:20,,,,2017-09-11 08:44:40,
37,58,10,2018-03-21 11:10:06,2017-12-11 13:32:19,2017-04-09 01:58:49,,,,
77,16,2,2017-07-21 07:57:02,2017-07-20 14:47:26,,,,,
80,55,7,2017-08-02 06:50:54,2017-08-23 16:26:11,2017-10-23 03:04:13,2017-12-24 15:11:16,,2018-02-25 21:44:37,
2,48,4,2018-01-31 20:56:18,2017-04-03 20:21:59,2018-01-19 23:18:28,,,,
64,41,2,2017-07-15 18:30:22,2017-06-25 01:22:50,2018-01-15 20:17:50,,,,
17,9,5,2017-12-14 01:56:26,2017-04-01 12:16:31,,2017-10-03 16:15:23,,,
100,90,9,2018-01-07 04:39:20,2017-12-24 18:23:12,2017-09-22 05:56:01,2018-02-27 20:15:22,,2017-10-18 20:26:28,
65,2,5,2017-05-10 07:18:14,2017-11-15 00:01:01,,,,2017-08-20 06:08:12,
66,59,9,2017-04-23 01:44:38,2017-04-21 01:47:17,2017-09-05 01:02:43,,2017-09-27 06:29:34,2018-02-24 03:19:48,2017-05-20 15:11:28
37,47,7,2017-06-03 05:14:22,2017-04-18 02:50:15,,,,,
66,56,8,2017-08-12 14:47:14,2017-12-29 08:15:45,,,,,
91,86,10,2017-04-24 16:44:07,2017-12-29 00:27:19,2017-10-21 03:44:55,2017-04-25 00:09:20,2017-07-26 23:51:00,,2017-06-25 22:16:29
78,38,4,2017-09-11 04:56:16,2017-06-23 12:01:37,2017-06-06 01:07:21,,2017-10-14 04:32:25,2017-08-10 03:31:15,2017-10-23 23:50:52
86,28,4,2017-04-11 17:24:53,2017-11-19 22:35:18,,,,,
24,49,9,2017-10-29 02:41:58,2017-11-16 20:13:57,2017-11-10 02:15:18,,,,
44,88,6,2017-08-08 09:22:38,2017-12-02 17:56:32,2018-03-07 19:30:26,,,,
61,38,8,2017-06-04 02:35:22,2017-09-16 05:43:41,,,,,
80,19,2,2017-12-04 12:18:44,2017-08-14 09:16:02,2017-07-06 04:16:56,,,2018-01-01 14:15:02,
69,88,1,2017-10-29 21:42:21,2018-03-20 08:13:51,2017-05-20 09:05:25,2018-01-14 16:46:56,,,
49,79,5,2017-06-28 04:20:25,2018-01-13 22:40:38,2017-10-30 00:52:32,,,,
91,51,7,2017-04-12 03:49:02,2017-09-28 00:21:55,2017-04-15 21:21:54,,,2017-09-01 09:10:19,
49,72,2,2017-07-17 17:44:43,,2017-10-02 06:50:26,2017-06-12 14:37:39,,,
84,30,7,2017-12-27 00:00:54,2017-12-06 13:06:34,2017-12-19 05:13:57,,,,
65,50,5,2018-03-14 17:23:37,,,2018-03-24 20:56:01,,2017-05-30 21:33:35,
5,95,8,2017-10-23 05:06:05,2017-10-30 14:15:54,2017-04-20 12:14:59,,,,
61,44,1,2018-01-08 01:55:46,2017-11-17 22:05:49,,,,2018-02-12 07:20:57,
42,78,2,2017-07-04 17:24:13,2017-08-02 19:05:01,2018-03-14 15:43:21,,2017-07-04 22:43:07,2018-01-11 06:01:53,2017-08-18 03:53:36
49,2,7,2018-03-14 13:43:23,2018-02-10 04:51:32,2017-05-01 15:42:17,,2017-03-29 07:05:35,2018-02-07 21:38:05,2017-11-18 21:06:42
84,39,3,2017-12-10 13:17:27,2017-12-08 17:36:24,2017-05-05 02:32:47,,,2017-06-19 00:13:43,
27,71,10,2017-04-19 08:33:31,2017-09-13 09:30:08,2017-05-03 03:34:20,,,2017-04-20 14:46:10,
27,44,6,2017-06-03 14:41:15,2017-06-26 16:56:02,2017-05-10 22:02:17,,,,
10,25,10,2017-11-13 00:14:08,2017-06-27 15:19:19,,,,,
13,64,7,2017-05-20 21:56:45,2017-09-11 00:16:46,2017-09-09 06:44:30,,,,
100,36,5,2018-01-26 02:18:33,2017-11-24 07:47:51,,,,,
64,40,5,2017-04-17 23:21:59,2017-07-26 01:05:29,2017-06-23 01:03:05,,,2017-09-11 10:55:12,
4,78,6,2017-10-29 01:30:31,2017-05-07 11:02:47,,,,,
17,90,8,2017-04-05 20:11:00,2017-09-12 12:08:56,2017-04-16 12:30:22,,,,
32,64,6,2017-10-23 04:24:04,2018-02-11 00:35:40,2017-04-14 00:04:47,,,,
65,69,1,2017-07-08 13:59:31,2017-08-14 00:51:58,2018-01-04 05:47:32,,,,
17,68,8,2017-11-23 21:23:10,,,2017-08-25 03:57:36,2017-05-31 01:22:10,,2017-10-26 03:08:43
58,75,4,2018-03-20 11:14:39,2018-03-06 16:51:32,2017-09-18 20:17:20,2018-03-11 21:52:52,,,
26,37,3,2017-09-12 16:31:59,2017-08-15 06:20:26,2018-01-20 10:14:15,,,,
76,76,4,2017-04-27 06:56:55,,2017-07-03 18:16:56,,,2018-01-02 19:53:34,
87,83,4,2017-07-23 21:01:04,2018-03-24 13:08:32,2018-02-22 01:50:46,,2017-04-17 11:21:26,,2017-09-02 12:48:34
62,64,4,2017-11-12 13:16:31,2017-04-18 07:52:35,,2017-12-16 11:34:20,2018-02-25 13:46:58,,2018-03-17 17:50:30
76,5,5,2017-08-21 11:41:42,2017-12-22 04:59:28,2017-05-29 11:15:20,,,2017-09-19 09:31:57,
76,56,6,2017-05-20 21:18:08,2017-10-27 20:03:23,2017-11-17 12:56:43,,,,
82,51,3,2018-03-23 21:26:21,2017-10-26 07:18:33,,,2017-10-30 07:52:07,2017-06-28 16:56:20,2017-07-24 10:39:56
86,73,5,2017-11-03 21:38:04,2018-01-08 22:15:07,2017-10-29 00:41:12,,,,
75,67,2,2018-01-27 20:53:03,2017-06-12 12:44:49,2018-01-30 01:03:02,2018-03-15 02:47:09,,,
65,49,5,2017-09-10 12:43:53,2018-03-04 08:06:21,,,,2017-10-11 17:15:37,
62,100,3,2017-07-05 17:49:54,2017-10-09 21:25:28,,2017-09-06 07:10:58,,,
27,75,10,2017-12-31 17:12:01,2017-05-25 12:04:58,,,,,
65,48,10,2018-03-19 17:30:57,,2017-06-20 02:36:32,,,,
77,66,6,2017-05-01 15:50:24,2018-01-25 03:35:27,2017-07-10 12:44:33,,,,
59,46,10,2017-05-24 09:25:51,,2017-10-10 02:33:40,2017-05-14 13:57:28,,,
42,42,4,2018-03-03 20:35:15,2017-07-06 16:47:00,2017-06-19 23:14:47,,,,
91,98,1,2017-06-21 16:28:45,2017-04-27 03:25:25,,,,,
83,51,1,2018-01-27 17:24:52,2018-02-19 19:59:28,2017-08-25 12:28:29,,,2017-12-05 07:05:59,
48,65,9,2018-01-03 12:23:02,2017-08-29 12:24:12,,,,,
8,90,5,2018-02-23 11:24:19,,2017-11-30 13:59:51,,,2017-12-16 10:20:06,
9,46,1,2017-05-19 14:57:00,2017-08-30 23:45:33,2017-11-13 07:52:00,,2017-04-25 18:27:36,,2017-07-10 01:41:34
30,1,6,2017-05-02 22:17:19,2017-05-15 05:11:39,2017-06-26 23:55:29,,,,
35,56,4,2017-10-14 19:37:25,2017-08-07 18:17:36,,,,2018-01-21 19:47:05,
14,100,4,2018-02-24 22:48:14,2017-04-09 17:08:28,2017-03-31 14:22:26,2017-09-03 01:14:07,,,
51,87,10,2018-01-22 18:58:15,2017-07-04 01:12:13,,,,2017-12-06 12:55:27,
8,12,4,2017-06-09 00:39:02,2017-10-20 17:10:22,2017-04-29 16:27:13,,,2017-09-24 16:41:45,
2,95,6,2018-03-16 01:05:23,2017-12-31 12:56:55,2017-04-08 20:56:52,,,,
2,21,2,2017-10-30 13:30:40,2017-09-20 05:19:41,2017-09-07 20:58:47,,,,
77,14,3,2018-01-01 03:00:25,2017-12-11 18:05:41,2017-05-03 22:46:47,2017-11-21 00:13:41,,,
48,28,3,2017-10-09 07:37:18,2017-04-04 20:11:37,2017-07-31 18:55:24,,,2017-05-07 01:05:49,
6,100,1,2018-01-26 06:30:03,2017-08-26 06:03:58,,,2017-10-25 08:34:39,2017-11-16 08:20:20,2017-04-21 22:03:36
63,84,7,2017-09-26 13:46:41,,,,,2017-09-29 05:41:18,
81,9,2,2017-07-15 16:45:34,2017-10-03 16:49:16,,2017-09-03 00:41:21,,,
30,96,2,2017-10-18 12:28:49,2017-08-19 10:02:57,,,,,
42,52,8,2017-04-19 18:17:25,2017-05-09 08:23:46,2017-07-11 18:07:52,,,,
8,32,7,2017-11-16 16:56:58,,2017-09-18 04:22:15,,,2018-01-25 21:15:34,
43,51,7,2017-11-02 11:41:00,2018-02-15 23:54:48,,,,,
85,25,9,2017-07-25 04:27:39,2018-02-04 21:26:50,,2017-06-21 03:36:51,,,
77,37,4,2017-08-09 23:19:40,2017-04-02 14:36:57,2017-09-21 02:25:01,,,,
19,82,4,2017-08-07 02:04:00,2018-03-21 20:36:11,2017-06-29 07:35:14,,2018-01-17 10:04:46,,2017-11-20 21:15:39
40,24,6,2018-03-15 12:17:05,2017-06-27 08:29:29,2017-07-27 15:28:20,,,,
64,92,7,2018-01-06 23:00:22,2017-09-28 02:35:13,2017-04-19 19:26:51,,,,
1,73,4,2017-05-06 21:16:48,2018-01-17 19:40:55,2017-07-05 02:43:47,,2017-12-05 01:37:54,,2018-03-06 23:00:05
65,88,1,2017-11-20 18:27:14,2017-10-12 04:51:12,,,,2017-08-12 20:09:25,
28,70,2,2018-02-28 20:34:23,2017-06-27 23:40:25,,,,,
68,80,9,2017-05-05 03:12:05,2017-10-28 17:00:45,2017-08-18 03:15:16,,,,
67,89,4,2017-07-08 03:35:46,2018-01-26 14:09:51,,,2017-09-30 02:53:25,,2017-12-24 22:52:00
32,55,8,2017-05-10 16:37:01,2017-10-23 15:40:58,2017-07-01 17:57:37,2017-11-09 00:30:15,,,
75,16,4,2017-06-21 08:13:42,2017-04-25 10:47:48,,,,2017-10-11 18:47:54,
45,74,1,2017-12-06 13:14:33,2017-12-05 05:45:56,2017-11-11 09:10:16,2017-12-29 10:17:23,,,
44,33,9,2017-09-14 05:39:36,2018-01-27 08:37:16,,,,,
50,84,10,2017-06-02 21:12:59,2017-05-13 00:35:43,2017-07-07 15:45:14,,,,
60,16,9,2017-11-09 19:35:00,,2017-10-01 08:19:46,2017-08-06 23:11:53,,2017-09-15 09:53:06,
4,74,6,2017-04-13 14:42:04,,2017-11-13 16:36:02,,,,
19,45,10,2017-05-18 22:29:32,,2017-07-06 23:14:49,2017-10-12 06:54:14,2018-01-12 06:56:04,,2017-06-10 10:44:44
73,39,1,2017-05-26 17:59:31,2018-01-28 18:41:01,2018-01-05 05:43:08,2017-07-15 06:17:20,,2017-07-05 03:45:48,
6,11,3,2017-07-06 07:11:31,2017-07-24 20:51:48,2018-01-27 07:24:48,,,2018-03-09 02:36:36,
91,60,7,2018-02-04 17:59:25,,2018-02-13 23:39:27,,,2017-05-27 08:49:39,
70,35,3,2017-05-29 03:15:34,2018-03-11 21:54:20,2017-09-03 19:25:30,,,2017-09-11 04:35:39,
2,19,2,2017-09-23 17:33:18,2017-11-13 08:21:53,2017-07-03 02:04:41,,,,
49,97,3,2017-12-11 18:40:10,2017-09-30 08:47:52,2017-08-21 09:45:00,2018-01-17 19:27:30,,2018-03-10 05:34:59,
49,27,5,2017-04-03 00:00:56,,2018-01-10 12:50:08,,,2017-09-22 18:35:55,
3,49,4,2017-11-08 17:01:39,2017-10-15 05:58:33,2017-12-09 09:47:01,,,2017-07-21 09:31:05,
36,50,4,2017-04-29 07:04:44,2017-04-06 13:25:41,2018-01-05 08:16:46,,,2017-12-09 18:13:49,
26,14,8,2017-12-09 19:35:12,,,2018-01-27 22:21:20,2017-05-24 06:25:03,2018-03-04 21:53:02,2018-01-25 22:43:56
25,44,4,2018-03-05 11:44:16,2017-04-13 10:24:56,2018-02-09 21:02:11,2017-12-10 18:53:28,,,
22,84,2,2017-07-08 10:34:07,2017-09-21 23:48:33,2017-12-23 01:28:56,,,,
70,42,6,2017-04-17 20:07:30,2017-09-15 12:49:25,2017-07-13 20:44:53,,,,
6,4,1,2017-08-13 23:34:39,2017-07-11 07:24:16,2017-11-03 19:22:45,,,,
50,79,2,2017-07-05 19:18:03,2017-04-29 19:15:55,2018-03-20 11:20:14,,,2017-05-09 06:14:20,
100,100,3,2017-08-27 17:39:44,2018-03-03 06:26:17,2017-09-29 09:34:06,,,,
70,13,5,2017-04-18 17:57:31,2017-07-22 23:49:36,,2017-09-06 21:47:56,,,
40,61,10,2017-10-05 18:51:47,,,,,,
62,5,5,2017-11-01 06:40:09,2017-10-06 09:12:55,2017-11-09 01:53:05,2017-11-09 22:47:53,,2017-08-03 17:16:59,
83,76,5,2017-06-22 16:22:19,2017-05-17 11:36:42,,,,2017-09-18 02:32:00,
2,81,8,2017-04-18 07:10:56,2017-10-12 23:42:42,,,,2017-11-25 23:30:22,
16,36,6,2018-03-24 11:07:53,2017-10-14 20:11:05,2017-04-10 13:47:27,,,2017-09-20 07:44:54,
53,93,7,2017-07-06 15:00:59,2017-10-11 19:52:04,2018-03-28 03:28:26,,,,
20,14,5,2018-03-14 15:27:34,2018-03-16 12:46:49,2017-10-27 13:57:23,,,,
27,68,9,2017-08-30 02:21:30,2017-04-06 17:34:57,,,,,
26,27,10,2017-07-22 11:19:38,2017-09-21 19:22:10,2017-12-07 00:37:49,,,,
44,37,1,2017-08-30 00:19:38,2017-08-31 19:19:41,,,,,
26,21,1,2017-05-18 19:39:15,2017-12-16 05:45:09,2018-01-22 03:03:52,,,,
15,85,9,2017-09-15 17:22:00,2017-08-14 07:52:24,,,,,
52,60,7,2017-10-10 11:24:35,2017-11-28 17:38:43,,,,2017-04-30 14:42:05,
32,38,9,2017-09-05 01:34:28,2017-09-08 22:38:56,2017-09-12 16:42:55,,,,
44,46,3,2017-08-14 19:32:16,2018-01-10 09:06:14,,,,2018-01-19 05:37:51,
64,64,8,2017-05-28 05:13:37,2017-11-03 11:07:16,2017-10-17 22:35:48,,,,
69,78,10,2018-03-12 16:34:19,2017-09-09 14:40:08,2017-12-17 21:34:04,,,,
27,23,10,2017-05-08 18:10:49,2017-08-17 20:52:25,2018-02-24 18:21:34,2017-07-23 16:38:59,,2017-10-24 13:08:06,
67,95,4,2018-03-06 10:59:07,2017-06-05 21:41:58,2017-11-29 05:44:59,,,,
2,11,4,2017-11-20 01:02:27,2018-01-19 03:57:50,2018-02-23 22:16:12,,,2017-10-29 06:37:36,
87,11,7,2017-05-02 03:16:11,2017-11-03 20:37:04,,,,,
24,59,2,2018-01-17 21:34:34,2017-12-11 06:14:49,2017-06-08 23:53:45,,2017-12-06 03:04:05,2018-01-30 21:25:53,2017-09-05 01:13:03
68,33,10,2017-11-05 08:25:22,2017-07-02 05:10:44,2017-12-27 04:33:01,,,,
57,4,6,2017-10-17 10:31:30,2017-04-22 05:15:21,,,,,
38,35,6,2017-05-12 17:51:52,2017-10-09 07:23:08,2017-08-20 08:30:12,2017-11-13 05:29:01,,,
50,10,7,2017-06-21 15:31:18,2018-01-23 19:20:02,2018-02-14 23:13:15,,,,
16,85,9,2017-06-24 21:37:24,2017-08-13 00:31:08,,2017-08-07 10:58:02,,,
40,58,3,2017-09-13 23:41:22,2018-02-05 03:19:12,2017-12-28 10:31:34,,,,
36,92,8,2017-04-14 15:08:57,2017-10-15 16:05:32,,,,,
90,55,4,2017-10-23 17:11:41,,2017-04-15 17:44:29,2018-01-19 17:33:52,,,
5,66,6,2017-10-14 03:18:59,2017-06-12 17:04:46,2017-08-04 20:36:47,,,,
3,66,4,2017-09-08 16:44:47,2017-11-09 05:08:33,2017-04-15 22:21:26,,,,
36,19,7,2017-05-30 23:14:36,,2017-07-05 21:35:51,,,,
14,99,7,2018-03-08 00:09:11,2017-12-19 12:35:56,2017-11-21 23:00:30,,,2017-11-05 08:21:07,
50,39,2,2017-12-13 09:00:22,2017-09-24 02:13:35,2017-12-03 06:03:24,2018-02-02 07:19:34,,,
21,42,3,2017-11-07 05:08:16,2017-08-23 09:37:11,2018-01-20 12:39:21,,,,
34,46,7,2017-04-04 05:08:27,2017-06-05 09:38:55,2017-07-15 19:17:54,,2017-07-30 00:25:45,,2018-02-26 21:07:02
37,34,2,2017-05-28 05:28:04,2018-03-01 07:12:05,2017-08-12 14:35:45,,,,
25,28,6,2017-05-28 17:09:02,2017-08-10 11:57:24,2018-02-09 16:01:49,,,,
21,25,6,2017-12-10 21:59:11,2017-08-23 05:44:27,,,2018-01-25 10:10:01,,2018-01-20 22:34:44
61,79,1,2017-11-26 13:45:02,2018-01-15 22:28:50,,,,,
9,7,10,2017-11-22 18:34:23,2017-07-09 07:12:04,2017-08-25 11:21:52,,,,
70,6,4,2017-05-10 17:15:29,2017-08-04 01:06:48,,,,,
42,93,2,2017-12-10 18:43:12,2017-10-30 16:19:56,,2018-03-11 07:49:23,,2017-06-16 01:49:07,
41,22,3,2017-05-20 17:44:04,2018-02-28 01:02:25,2017-10-24 04:17:43,,,2017-09-15 13:49:36,
90,34,6,2018-03-21 01:44:20,2017-04-13 21:16:43,2017-12-29 20:28:17,2017-05-29 21:22:53,,,
88,34,7,2017-04-23 06:15:44,2017-12-21 08:47:34,2018-03-17 00:12:07,,,2018-01-27 21:57:36,
1,44,5,2018-01-15 12:08:09,2017-04-06 23:12:33,,,,2017-06-17 05:48:06,
56,20,10,2017-10-28 02:39:51,2018-01-17 20:09:05,,,,,
30,67,4,2017-04-12 19:26:26,2017-05-31 15:15:23,,,,,
35,18,3,2017-05-28 08:07:55,,2017-10-07 07:35:26,,,2017-04-03 16:06:50,
40,89,1,2017-06-16 09:33:51,2018-03-04 17:55:33,2018-02-11 21:58:07,,,2017-05-20 00:50:27,
50,81,3,2018-01-14 01:21:53,2017-04-21 04:21:52,2018-02-24 01:36:52,,2017-11-01 19:52:23,,2017-08-11 09:33:24
83,70,5,2018-01-22 07:59:03,2017-12-18 23:04:56,2017-12-01 11:07:34,,,,
52,77,8,2018-03-04 02:25:08,2017-05-24 01:39:27,2018-02-19 16:03:13,,,,
92,77,6,2017-09-07 22:05:44,2017-10-28 15:02:26,2017-04-02 07:52:40,,,,
95,59,9,2017-11-14 21:21:55,,2017-09-11 04:38:07,,,,
85,22,9,2018-01-05 12:38:48,2017-11-08 06:39:46,2017-04-08 17:17:25,,,2017-08-11 03:45:03,
69,93,1,2017-08-10 04:42:37,2017-06-11 13:26:00,2018-01-22 05:05:23,,,,
93,75,8,2017-12-12 19:58:51,2017-06-02 14:57:06,2017-07-25 18:06:34,,,,
38,87,6,2017-05-12 00:12:56,2017-09-22 18:03:10,2017-07-17 15:00:13,,,,
58,92,5,2017-12-18 16:25:21,2017-11-16 15:48:29,2017-03-31 06:38:14,,,,
2,96,10,2018-02-06 13:17:21,2017-09-13 08:50:19,2017-11-13 00:10:49,,,,
36,75,9,2017-12-30 01:20:15,,2017-06-06 15:41:01,2017-04-17 15:37:56,,,
92,72,2,2017-04-14 09:13:42,2018-01-16 06:40:24,2017-05-10 15:27:44,,,,
68,31,10,2017-05-17 19:22:11,,2017-12-10 10:08:29,,2017-07-05 00:58:32,,2017-05-22 22:16:59
68,37,4,2017-10-08 02:31:07,2017-10-29 18:58:00,2017-11-10 11:53:23,2017-05-08 20:50:29,,,
72,72,3,2017-04-12 06:07:29,2017-04-17 10:43:41,2017-09-08 04:58:20,,,,
64,62,6,2017-05-01 14:35:16,2018-01-26 17:05:47,,,,2017-05-06 15:58:20,
9,55,4,2017-08-28 00:36:33,,2018-02-04 21:09:38,,,2018-03-26 17:54:46,
72,73,5,2018-03-11 16:30:49,2017-08-30 02:10:49,2017-06-03 15:46:10,,,2017-06-22 13:47:13,
36,88,4,2017-11-12 11:52:37,2018-02-28 01:24:15,,,,2018-01-30 12:06:23,
61,85,10,2017-05-17 07:45:36,2017-09-02 01:15:07,,,,,
26,89,7,2017-11-20 07:53:45,2017-08-09 18:25:52,2018-02-17 17:31:14,,,,
56,96,2,2017-08-31 01:40:29,,2017-11-28 11:04:43,,,2017-06-18 02:07:56,
11,83,7,2017-09-20 16:12:36,,2018-03-07 00:47:21,,,2017-04-23 09:38:59,
65,67,4,2018-02-15 07:47:15,2018-03-20 22:05:15,2017-11-29 23:38:30,2018-01-16 17:38:08,,,
32,18,8,2017-08-21 11:17:03,2017-06-13 18:00:32,,,,2017-10-24 04:49:24,
86,61,2,2017-11-11 06:19:50,2017-04-23 14:34:14,,,,2017-11-04 07:55:13,
87,57,3,2017-10-13 10:29:17,2017-10-13 13:49:24,,,,,
55,76,8,2017-05-25 05:39:08,,2017-07-27 22:47:14,,,,
76,22,5,2017-04-18 13:32:33,2017-11-11 00:44:40,2018-01-28 07:41:15,,,,
99,75,2,2017-08-29 08:48:02,2017-09-11 04:43:01,2018-02-01 23:35:03,,,,
85,88,6,2017-10-08 06:27:53,2018-02-02 16:34:31,,,,,
5,20,4,2017-09-21 17:03:22,2017-10-23 08:13:16,2017-12-01 17:45:15,,,,
98,8,1,2018-03-01 04:20:17,2017-07-26 09:40:07,,,2017-05-09 11:45:52,,2018-01-24 19:30:23
54,58,4,2018-02-13 04:53:20,2017-05-26 08:19:09,2017-11-12 13:08:10,,2017-08-10 07:17:19,2018-01-26 08:06:59,2018-03-14 00:35:22
78,51,8,2017-09-02 23:17:16,2017-12-22 09:19:40,2017-12-03 04:30:16,,,2017-10-23 05:23:29,
65,10,2,2017-09-18 18:46:28,,,,2018-03-07 12:00:49,,2017-06-16 22:22:13
62,28,8,2017-06-01 08:50:47,2017-12-17 23:08:59,2017-11-10 02:04:40,,,2018-02-09 02:13:55,
44,86,8,2017-05-05 11:46:09,2017-07-18 04:33:36,,,2017-04-02 23:40:56,,2017-12-13 20:24:06
5,71,6,2017-05-05 09:42:59,2017-05-18 16:12:57,2017-12-13 22:22:49,2017-08-08 07:41:21,,2017-10-08 04:18:16,
78,46,6,2017-12-25 12:23:49,2017-06-18 10:52:39,2017-10-22 08:38:15,,2018-01-19 16:30:42,2017-07-19 04:03:05,2017-05-22 20:16:28
72,97,3,2017-08-14 20:08:06,,2017-06-11 19:39:56,,2018-01-29 00:43:42,2017-09-12 19:07:53,2018-01-27 18:10:55
47,57,10,2017-03-31 11:53:47,2017-08-19 01:04:18,2017-08-28 08:36:44,,,,
26,65,9,2017-09-07 15:10:19,2018-03-10 00:18:03,2018-02-14 01:21:20,,,2018-02-08 06:15:12,
91,99,8,2017-08-07 09:20:23,2017-06-14 20:05:58,,,,,
63,67,10,2017-06-17 07:34:18,2017-07-16 20:49:50,2017-11-15 19:12:40,,,,
93,36,4,2017-09-09 17:56:41,2017-12-11 11:15:36,2018-03-08 18:53:51,,,,
17,96,6,2017-10-13 09:27:55,2017-12-30 09:35:35,2017-12-04 07:42:44,,,,
33,90,5,2017-05-21 08:34:12,2017-08-07 06:45:40,,,,2017-12-28 18:27:48,
15,70,5,2017-10-09 11:59:42,2017-04-02 21:47:23,2017-11-13 15:38:56,,,,
85,83,7,2017-04-02 21:08:01,,2017-05-05 17:16:25,,,2017-08-02 03:14:07,
93,68,10,2017-11-18 21:21:35,2017-11-03 14:17:27,2017-11-26 09:32:05,,,,
57,50,2,2017-09-15 05:17:32,2017-09-06 05:36:35,,,2017-10-12 16:49:16,,2017-05-06 22:04:01
52,100,3,2017-05-29 02:44:45,2018-02-20 15:22:13,2018-03-13 02:40:22,2017-04-18 15:03:19,,,
18,17,2,2017-10-07 14:04:45,2018-03-25 16:12:52,2017-05-24 13:41:17,,2017-12-27 01:32:40,,2017-12-19 14:08:44
49,83,7,2018-03-14 03:04:46,2017-09-18 22:31:08,2017-08-27 09:16:07,,,,
92,17,5,2017-12-14 14:01:44,2018-03-14 01:25:22,2017-06-03 08:39:22,,,2017-09-25 00:05:15,
37,21,1,2017-12-24 15:08:11,2017-06-13 04:53:25,2017-04-26 00:44:06,,,2017-05-29 02:53:15,
72,95,6,2017-08-08 00:14:42,2017-08-30 05:12:15,2017-10-08 21:40:45,,,2017-07-30 11:32:31,
40,18,4,2017-10-05 12:48:16,2017-07-17 12:42:21,2018-02-07 22:29:03,,,,
100,20,4,2017-04-19 16:17:51,2018-03-24 07:53:06,2017-06-09 11:28:25,,,,
86,74,1,2018-01-11 14:23:21,2017-08-01 01:49:50,2018-01-01 11:25:08,,,,
76,99,4,2017-11-24 01:28:35,,2017-10-03 12:40:01,,,,
81,30,9,2017-12-21 18:13:33,2017-05-03 06:31:16,,,,,
24,18,10,2018-01-01 11:13:23,2017-09-14 01:19:49,2017-07-28 15:29:14,2017-03-29 16:07:31,,,
65,18,10,2017-08-11 02:14:43,,2017-08-12 11:17:26,,2017-05-07 04:29:57,,2017-09-03 00:31:36
46,39,10,2017-10-08 08:45:11,2017-08-28 01:47:07,2017-11-06 17:06:57,,,,
17,30,4,2017-07-28 04:56:51,2017-09-28 09:10:43,2017-10-11 22:59:56,2017-07-21 13:32:00,,,
75,65,8,2018-03-03 17:46:08,2017-07-05 23:41:31,2018-02-06 20:13:11,,,,
68,18,1,2017-08-03 12:31:24,2018-03-17 07:18:26,2017-06-10 23:16:09,2017-05-24 14:37:11,,,
94,55,7,2017-09-16 05:00:14,2017-05-06 11:47:03,2017-11-26 06:44:10,2017-06-30 05:33:45,,,
80,78,9,2017-07-19 12:01:46,2017-11-02 23:22:26,,,,,
99,10,9,2017-09-19 16:30:59,2017-09-30 13:16:16,2017-08-01 13:22:51,,,,
2,69,1,2017-06-17 13:39:44,2017-04-11 17:19:05,2017-12-12 15:44:19,,,,
62,59,8,2017-04-20 14:31:57,2017-10-16 06:16:33,2017-06-21 00:49:23,,,,
60,28,9,2017-06-24 17:09:08,,,,,,
73,57,1,2018-02-06 05:05:26,,2017-07-10 05:22:53,,2017-12-31 20:47:52,,2018-01-02 21:29:42
92,70,10,2018-03-10 01:41:05,,2017-12-23 14:55:29,,,,
28,40,2,2017-11-10 22:06:53,2017-11-17 03:27:29,2018-02-07 10:37:08,,,2017-08-12 11:30:24,
12,62,7,2017-08-14 05:52:27,2017-09-28 14:53:58,,,,,
19,40,2,2018-01-30 05:27:09,2017-10-12 20:26:51,2017-11-16 21:55:32,2018-03-12 08:30:23,,,
91,22,10,2017-10-12 17:35:03,2017-06-21 11:43:51,2017-11-05 07:38:36,,,2017-11-15 01:34:01,
18,42,2,2017-07-16 23:10:45,2017-10-26 01:48:23,2017-06-01 00:21:54,2017-10-02 21:01:02,,,
97,73,4,2017-10-15 04:58:25,,2018-01-29 06:52:25,,,,
98,61,10,2017-05-01 20:41:30,,2018-03-28 22:02:55,,,2018-03-10 17:35:24,
2,74,1,2017-11-28 03:58:16,2018-03-03 23:43:18,,,,,
7,89,3,2017-07-03 08:38:24,2018-01-23 18:11:38,,,,,
25,49,9,2017-09-15 11:46:52,2017-12-22 11:07:00,2018-01-22 00:27:24,,,2017-07-24 16:50:56,
6,78,7,2017-05-05 07:11:36,2017-07-12 13:56:55,,2018-01-22 22:07:53,,,
41,75,2,2017-09-12 03:09:53,2018-02-22 22:22:02,2017-09-08 22:33:57,2017-06-20 22:13:29,2018-01-18 00:43:18,,2017-12-03 18:00:35
31,18,9,2018-03-09 01:42:18,2017-08-19 03:53:19,,,,2017-11-10 01:44:51,
34,25,3,2017-06-03 06:30:36,2017-05-22 04:32:43,2017-04-09 05:20:31,,,,
60,2,9,2017-09-16 16:38:36,2017-10-02 10:39:51,2017-08-14 23:16:59,,2017-07-07 08:48:29,,2017-12-25 01:15:29
25,33,4,2017-10-11 10:53:41,2018-02-13 13:20:57,2017-12-13 09:39:04,,,,
37,77,8,2018-03-13 18:47:58,2017-04-13 01:34:45,2017-08-02 19:43:07,,,,
47,90,1,2017-08-19 22:26:17,2018-01-13 14:14:10,2017-08-30 20:46:36,2017-10-27 09:24:29,,2017-08-02 13:35:15,
34,35,1,2017-04-11 10:23:34,2018-03-20 14:45:20,2017-04-16 07:49:42,,,,
98,29,10,2018-02-06 08:37:01,2018-01-18 06:40:31,2018-02-23 18:28:48,,,,
31,71,10,2018-02-01 13:26:04,2017-04-15 11:52:29,2017-09-10 11:40:46,,,2018-02-03 23:20:30,
2,59,3,2017-08-02 23:28:11,2018-03-16 22:54:18,2018-01-12 20:11:56,,,,
84,16,6,2018-03-21 17:41:25,2018-03-06 13:36:58,2018-01-14 03:47:13,,,,
94,38,10,2017-09-28 08:12:02,2017-11-02 21:06:33,,,,2017-05-23 03:34:30,
29,21,9,2017-06-13 07:48:38,2017-09-17 16:08:31,,,,,
82,3,10,2017-12-16 07:33:38,2018-01-06 00:55:58,,2017-11-15 20:55:04,,,
3,72,9,2017-08-09 22:04:06,2017-05-21 16:22:11,2017-04-24 18:43:43,,,2017-10-15 22:21:06,
81,54,9,2017-06-22 07:19:51,2017-08-28 11:57:08,2017-06-11 00:36:18,,,,
38,13,4,2017-08-15 20:26:06,2017-06-13 08:12:59,2018-02-09 12:46:10,,2017-10-27 23:46:24,2017-12-22 13:55:35,2017-08-19 16:44:35
11,19,1,2017-07-08 15:07:08,2017-09-27 02:42:43,2018-01-08 22:08:39,,,2017-06-05 08:16:20,
58,84,2,2018-03-02 15:15:21,2018-02-17 13:18:41,2017-06-06 22:48:40,,,,
54,49,8,2017-10-06 23:45:20,2018-01-01 02:07:53,2017-08-24 01:03:21,,,,
55,20,10,2017-10-31 04:14:55,2017-08-31 09:36:19,2018-02-24 19:50:19,,,,
30,26,7,2018-01-07 05:56:49,,2017-07-02 10:50:34,,,,
66,39,10,2017-10-17 09:49:25,2017-12-13 17:22:32,2017-12-13 00:48:16,,,,
67,15,2,2017-05-07 07:36:51,2017-05-27 20:05:22,2017-08-21 23:48:34,,,,
85,2,4,2017-07-24 04:40:58,2017-10-12 18:01:20,2017-06-13 22:39:52,,,,
89,43,4,2017-08-16 07:44:59,2017-09-20 20:07:17,2018-02-18 10:45:28,,,2018-03-14 23:30:38,
4,83,10,2017-12-16 20:31:50,2018-01-28 08:48:57,2018-01-13 16:51:24,,,2017-04-24 03:36:11,
94,63,4,2018-02-16 18:51:59,,,2017-06-16 14:10:55,,,
30,33,3,2017-11-17 07:37:15,2017-10-08 13:51:34,2018-01-20 20:33:13,,,2017-07-15 16:51:48,
36,52,4,2017-04-13 17:27:38,2018-02-24 05:38:12,,,2018-03-19 18:02:51,,2017-05-26 01:46:45
25,72,6,2017-11-22 07:31:33,2017-08-20 10:55:31,,2017-08-08 04:31:33,,,
26,12,8,2017-09-30 19:08:02,2017-06-27 06:24:48,2017-10-21 14:21:53,,,2017-08-11 18:54:29,
32,49,2,2017-09-04 21:21:59,2017-07-13 09:41:45,,,,,
33,90,4,2017-10-08 06:14:57,2017-05-06 03:26:34,2017-05-18 03:20:58,2017-06-21 20:41:28,,,
82,50,8,2017-07-12 03:36:26,2018-01-13 14:52:02,2017-06-07 00:45:06,,2017-08-12 20:28:38,2017-06-14 04:37:32,2018-03-12 10:30:22
25,23,10,2017-12-10 15:58:10,2017-08-20 03:10:37,,,,,
9,87,4,2017-05-18 03:52:28,2017-10-21 23:20:04,2017-12-06 21:55:57,,,,
34,15,7,2017-06-08 10:29:09,2018-02-18 04:48:14,,,,,
95,16,5,2017-07-30 02:35:08,2017-10-22 19:01:33,2017-12-29 05:36:40,2017-08-05 03:51:33,,2017-07-21 01:57:13,
99,57,9,2017-12-20 10:14:28,2018-01-23 17:08:08,2017-09-02 00:23:02,2017-11-16 23:10:42,,,
9,27,9,2017-04-29 23:12:46,2017-05-12 14:14:09,2018-03-21 22:06:43,,,,
5,8,3,2017-10-21 22:29:28,2018-03-05 10:34:22,2017-11-11 02:43:12,2017-08-14 09:11:25,2017-09-20 00:21:19,,2017-10-14 18:09:00
38,70,3,2018-02-05 17:36:51,2018-01-31 06:53:40,,,,,
94,21,8,2017-10-15 20:07:55,2017-12-11 15:03:51,2017-08-25 08:29:16,,,,
2,58,1,2017-08-21 10:17:42,2017-07-02 17:51:35,2018-01-23 11:56:12,,,,
15,79,9,2017-08-11 23:00:09,2017-10-24 07:58:39,2017-09-04 07:39:11,,,,
5,23,6,2017-11-14 12:31:23,,2017-12-19 06:30:21,,,2018-02-17 14:09:19,
8,59,10,2018-01-11 15:21:58,2018-03-06 15:14:22,2017-10-08 02:10:06,,,,
51,14,1,2017-08-16 22:51:40,2018-03-09 05:30:44,,,,,
83,33,2,2018-01-26 10:29:28,2018-02-03 17:12:13,2017-09-24 12:45:36,2018-01-04 11:46:18,,2018-01-14 05:38:10,
34,42,2,2017-10-03 16:19:37,2017-08-27 04:32:28,,,,2017-12-01 18:45:20,
40,43,3,2017-11-19 14:59:06,2017-09-26 18:12:06,2017-10-02 13:21:18,,,2017-09-17 18:55:19,
70,91,7,2017-08-12 13:37:06,,2017-06-08 03:13:23,,,,
7,86,5,2018-02-14 00:57:49,2017-05-03 09:56:46,2017-04-14 10:46:00,,,,
82,44,7,2017-06-18 09:31:47,2017-11-09 13:31:26,,2018-01-13 17:46:27,,2017-04-23 03:59:26,
84,12,4,2017-06-02 23:14:24,2017-11-08 01:07:29,,,,,
90,73,3,2018-02-18 17:48:26,2017-09-07 14:01:07,2018-02-27 10:20:29,,,,
11,62,2,2017-07-09 04:30:11,2017-12-14 10:14:47,,2017-05-26 16:43:38,,,
76,71,10,2017-05-19 01:27:11,2017-12-24 08:07:36,2017-07-27 21:28:55,2017-08-09 17:58:37,,,
78,100,2,2017-05-15 11:32:29,2017-11-14 10:39:19,2017-12-05 23:24:52,,,,
72,17,8,2017-07-14 13:28:42,2017-10-03 19:33:01,,,,,
44,27,2,2017-10-07 23:41:50,2017-06-05 14:35:50,,,,,
59,63,1,2018-03-25 20:27:13,2017-04-21 10:41:57,,,2017-09-11 19:33:59,,2017-07-08 11:06:01
81,84,2,2017-04-12 20:24:48,,2018-02-14 14:38:04,,,,
98,52,3,2017-07-07 03:25:59,2018-02-23 12:47:53,2017-12-12 22:22:24,,,,
88,42,3,2017-04-04 21:06:37,2017-12-19 16:02:22,2018-01-23 09:40:38,,,2017-10-04 16:45:45,
13,19,3,2017-10-04 04:08:16,2017-04-28 07:29:54,2018-01-26 23:31:07,2018-02-14 13:17:21,2017-12-09 08:04:52,,2017-12-07 14:19:58
54,92,10,2017-08-18 01:51:17,2018-02-22 20:26:58,2017-12-15 11:57:51,,,,
17,10,7,2017-04-23 15:22:11,2017-05-25 07:14:57,2018-03-07 21:31:54,,,2017-09-20 13:40:22,
13,94,9,2018-01-24 04:34:46,2017-09-18 06:37:10,,,,,
51,38,9,2018-02-16 20:15:21,2018-02-20 00:15:09,2017-12-08 06:38:25,2017-06-29 14:32:49,,,
48,52,9,2018-03-05 08:39:13,2018-01-07 12:53:27,2017-09-18 08:49:42,2017-06-23 19:39:15,2018-03-27 11:12:59,,2017-09-10 06:34:49
47,23,5,2017-08-15 07:27:35,2017-04-09 00:33:33,2017-09-27 03:53:31,,,2017-06-04 15:51:50,
25,97,7,2017-04-02 05:26:15,2017-12-03 17:33:21,,,,,
71,28,10,2018-03-16 03:57:27,2018-01-27 18:47:15,2017-05-03 07:37:20,,,,
87,52,4,2017-04-02 18:15:48,2017-05-23 15:47:46,,,2017-07-09 20:39:54,,2017-06-13 04:20:40
19,61,1,2017-04-24 06:37:26,,2017-07-03 13:48:13,,,,
8,59,6,2018-03-26 13:29:17,2017-09-23 10:12:04,2017-11-11 20:09:08,,,2018-02-17 10:07:24,
41,10,7,2017-12-29 18:42:23,2017-08-08 00:36:28,,,,,
54,27,5,2017-06-06 12:04:21,2017-06-28 17:35:16,,2017-07-16 18:18:48,,,
10,14,2,2017-06-17 11:15:44,2017-08-12 23:30:44,,2017-12-02 07:35:19,,2017-06-25 22:46:16,
59,88,5,2017-07-10 20:55:05,,2017-11-05 11:28:26,,,2017-05-29 10:33:46,
37,23,9,2018-03-19 03:02:14,2017-08-18 10:04:27,,,,,
85,47,4,2017-09-28 05:28:52,2017-12-12 23:45:16,2017-04-04 10:46:16,,,,
29,80,6,2017-07-24 03:48:20,2018-03-03 03:28:01,2017-10-26 07:17:15,,,2017-12-04 07:04:14,
69,59,9,2017-10-01 04:01:30,2017-05-10 08:50:15,2017-12-16 07:25:59,2017-09-05 09:24:19,,2017-09-15 01:56:02,
76,10,9,2017-07-11 14:54:07,,2017-07-08 14:44:08,,,2017-12-06 14:56:22,
2,86,7,2017-08-04 12:03:33,2017-06-02 17:14:16,2018-01-05 01:30:32,,,,
83,11,3,2017-04-29 05:08:37,2017-06-19 08:58:54,2017-06-08 07:29:27,,,2017-11-15 16:43:03,
88,10,4,2017-10-25 04:36:01,2017-08-18 16:03:08,2017-12-29 13:41:39,,,,
45,72,2,2017-06-30 18:27:32,2017-12-13 02:13:03,,2017-09-07 21:06:42,,,
43,45,7,2017-11-15 07:11:15,2017-07-03 14:28:10,2018-03-22 14:14:19,2018-01-28 04:04:29,,2017-05-07 11:32:28,
26,96,4,2017-12-21 03:12:35,2018-02-14 11:10:08,2018-02-28 09:25:20,,,,
59,52,9,2017-09-13 19:48:29,,2017-07-29 21:13:18,,,,
24,35,3,2017-08-03 15:38:27,2017-08-19 07:57:26,,,,,
63,95,3,2017-10-26 03:21:56,2017-06-29 18:09:34,2017-04-05 06:08:48,,,,
2,74,3,2017-04-28 06:46:34,2017-09-02 05:28:04,2017-07-30 19:43:58,,,,
56,17,5,2017-04-30 06:33:42,2017-09-25 06:18:27,2017-10-03 04:04:17,,,2017-11-16 23:32:47,
54,65,4,2017-12-02 02:11:09,2017-10-22 09:42:41,2018-01-26 21:44:46,2017-04-24 08:02:31,,2017-08-26 03:38:06,
40,49,9,2018-03-13 01:26:26,2017-10-01 13:44:53,2017-06-04 23:39:22,,,,
87,55,9,2017-11-21 15:49:17,2017-07-15 04:36:40,,,,,
75,85,6,2017-12-08 01:31:28,2018-02-12 00:35:02,2017-06-04 18:31:52,2017-06-10 15:19:20,,,
7,26,8,2017-06-11 05:09:48,2017-10-24 10:46:29,2017-08-14 23:29:39,,,,
94,24,2,2018-01-09 05:42:56,2017-07-02 20:31:38,2017-11-18 03:20:54,2017-03-31 08:53:36,2017-04-23 22:27:03,,2017-04-28 23:50:32
18,14,9,2018-01-16 13:35:04,2018-01-20 12:12:08,,,,,
36,33,2,2018-01-02 17:59:12,2017-10-25 06:16:24,2017-08-19 03:21:46,,,2017-09-16 20:31:13,
21,26,8,2017-12-22 13:31:14,2017-05-19 17:56:23,2017-09-25 15:27:46,,,2017-04-15 23:06:43,
18,79,10,2017-11-19 01:48:00,2017-10-21 10:27:46,2017-10-06 09:12:10,,,,
8,7,7,2017-09-16 04:32:16,2017-12-04 10:32:23,2017-11-03 16:20:03,,,2018-02-21 13:54:59,
84,72,2,2017-04-21 13:56:47,2017-08-01 03:23:33,,,,,
73,19,9,2017-04-17 03:51:53,2017-10-29 10:45:00,,,,,
56,91,6,2017-10-19 05:59:02,2017-10-20 23:41:38,2018-03-09 21:12:40,2017-06-23 09:49:34,,,
68,65,1,2017-04-16 10:22:44,,2018-02-22 07:04:04,2017-06-01 04:53:33,,2017-06-11 06:53:10,
50,36,6,2017-04-17 18:44:36,2017-12-19 06:26:41,2017-07-08 05:30:12,,,,
38,97,9,2018-02-14 13:19:54,2018-02-27 10:44:37,,2017-05-14 08:18:05,,,
93,27,10,2018-01-29 18:22:16,2017-11-25 07:45:38,2017-07-18 05:24:08,,,,
23,4,6,2018-03-15 20:11:32,2017-05-12 05:37:45,,2017-12-16 10:52:58,,,
80,35,3,2017-07-08 15:20:58,,2017-10-16 19:56:35,,,,
18,15,8,2017-04-01 04:32:32,2017-12-16 00:38:14,2017-04-19 13:26:45,,,2017-05-31 10:08:26,
71,32,6,2017-09-07 08:11:47,2018-02-20 01:39:35,2017-04-28 09:48:50,,,2017-07-05 09:14:05,
84,31,2,2017-08-16 22:22:00,2017-05-03 21:13:33,2018-02-27 17:41:51,,,,
16,45,4,2017-12-19 23:15:42,2017-11-04 16:57:24,2017-07-22 22:21:44,,,2017-04-10 22:25:37,
86,96,1,2017-07-03 18:51:05,2017-11-22 04:21:43,2017-10-18 14:13:52,2018-02-24 10:11:39,,,
9,49,1,2017-11-17 00:03:59,2017-05-30 23:27:09,2018-03-27 13:33:15,,,,
95,78,2,2017-07-14 06:07:36,2018-02-22 04:31:07,2017-10-04 19:47:25,,,,
70,76,10,2017-09-21 04:42:08,2018-01-29 08:53:40,2018-01-08 07:02:01,,,,
35,47,7,2017-06-07 18:22:20,2017-10-09 09:32:51,2018-02-13 13:23:51,,,2017-11-16 01:03:11,
83,75,9,2017-11-24 13:33:27,2017-08-04 19:25:42,2017-04-06 18:03:07,,,,
86,57,10,2017-11-20 11:03:14,2018-03-06 22:33:48,,,,,
50,40,1,2018-02-11 06:07:36,2017-07-12 17:24:15,2017-07-28 10:49:16,,2017-06-27 07:38:37,2017-09-29 15:56:38,2017-08-04 20:47:12
8,48,3,2017-05-05 01:07:11,2017-10-17 21:43:18,2017-08-01 23:25:56,2017-06-12 08:11:48,,,
76,75,10,2017-05-14 06:30:48,2018-01-31 14:57:30,,,,,
22,47,2,2017-08-18 11:23:24,2017-08-18 09:42:54,,,,,
78,81,2,2017-12-14 00:44:49,2018-03-01 14:51:24,2017-06-10 07:15:44,2017-05-19 14:37:08,,2017-04-21 14:28:27,
62,6,1,2017-07-02 15:04:23,2017-10-21 00:11:26,,,,,
21,40,7,2018-01-08 14:47:25,2017-12-21 03:26:12,2017-06-18 19:18:12,2017-10-21 19:34:16,,,
72,77,7,2017-05-23 07:56:15,2017-08-15 17:16:10,2017-10-19 06:58:53,,,2017-09-20 11:32:58,
87,60,8,2017-07-16 21:09:36,2018-02-13 07:17:52,,,,,
39,81,6,2017-12-04 10:59:46,2017-07-26 13:31:28,2017-10-25 05:00:27,2018-03-10 16:59:50,,,
24,27,5,2017-06-14 19:23:36,2018-02-15 21:26:06,2017-10-02 21:42:38,,,,
25,20,5,2017-04-17 01:35:31,2017-12-22 14:15:57,,,2018-03-25 01:20:01,,2017-10-31 16:55:46
20,78,2,2017-06-21 21:16:53,2017-12-18 17:25:24,2018-01-20 09:44:56,2017-09-09 22:08:33,,2017-05-10 03:12:18,
6,30,2,2018-01-10 00:17:41,2018-02-03 15:37:52,2017-05-11 22:12:42,,,,
51,62,10,2017-03-31 00:55:09,2018-03-10 09:15:58,,2017-07-24 00:28:33,,2017-12-31 19:29:07,
51,40,10,2017-06-03 02:12:57,2018-01-04 06:16:59,,,,,
52,19,3,2017-07-08 10:45:54,2018-03-12 00:41:56,2018-03-19 02:54:48,,,2018-01-27 16:21:22,
28,44,4,2018-03-13 11:01:04,2017-10-08 08:11:38,2017-04-19 01:58:33,2017-10-03 07:12:04,,,
50,14,7,2017-06-21 20:27:33,,2018-01-24 07:45:14,2018-02-14 08:45:41,,2018-01-09 20:22:58,
17,38,6,2018-01-13 16:29:49,2018-03-28 12:28:15,,,,,
83,92,4,2017-05-30 02:44:24,2017-10-17 17:39:39,,,,,
58,5,9,2017-11-28 19:47:34,2018-03-10 21:28:24,2018-02-06 13:43:02,,,,
59,55,3,2017-10-03 16:45:23,2017-12-14 06:02:43,,,,,
44,40,10,2018-03-21 08:25:26,2017-04-10 23:12:56,,,,,
57,22,7,2018-01-10 16:41:56,2017-06-09 20:25:16,,,,,
79,75,10,2018-03-26 01:17:13,2017-05-17 22:58:10,,,,,
25,47,5,2017-05-27 14:45:47,2017-08-10 05:16:39,2017-07-07 20:42:44,,,2017-09-28 23:50:59,
19,42,4,2017-07-03 06:00:32,2017-09-02 21:19:34,,2017-10-06 19:28:44,,2017-11-28 12:40:32,
59,29,6,2017-08-05 13:27:44,2017-06-04 22:48:54,2017-11-12 09:05:36,,,,
32,81,2,2017-09-27 16:28:06,2018-03-04 02:56:03,2018-01-31 18:33:55,,,2017-09-17 02:00:00,
40,77,2,2017-07-28 22:36:10,2017-08-24 11:57:45,,,,,
59,98,9,2017-11-11 12:56:16,2017-08-09 05:45:07,,,2017-05-31 22:34:10,,2018-03-25 22:41:23
63,7,1,2018-01-30 07:11:53,2018-03-09 18:56:19,2018-01-01 17:16:22,,,,
74,42,1,2017-10-21 10:56:40,2018-03-24 09:01:12,2017-04-13 13:27:30,,,,
40,83,10,2017-07-05 14:49:18,2017-09-15 14:33:52,,,,,
16,88,5,2018-02-18 05:37:28,2017-05-08 12:04:49,2017-08-17 20:00:18,2018-02-22 17:55:02,,2018-02-05 23:35:26,
57,44,9,2017-07-07 21:05:20,2017-06-01 23:07:28,,,2017-09-19 03:43:47,,2017-05-01 15:03:36
73,2,10,2017-07-02 14:46:51,,2017-07-31 01:28:43,,,,
37,6,5,2018-02-07 08:00:44,2017-08-04 23:46:42,2018-01-12 19:29:30,,,,
44,30,3,2018-02-03 08:30:15,2017-07-30 15:57:25,2017-06-28 07:11:21,2017-10-31 13:13:25,2017-10-19 21:40:36,2017-09-10 23:50:30,2017-08-05 14:19:46
99,53,10,2017-12-27 12:29:11,,2017-09-12 08:20:10,,2018-02-22 07:53:18,2017-05-27 16:09:57,2018-03-08 00:45:38
61,84,4,2018-03-24 12:26:51,2018-01-11 08:03:15,2017-04-16 02:11:29,,,2017-12-19 06:34:57,
47,38,6,2017-08-17 18:08:18,2018-03-14 01:35:43,2017-06-13 16:07:02,,,,
22,46,6,2018-01-13 18:54:59,2017-07-24 04:40:28,,,,,
36,6,2,2017-10-29 14:03:05,2018-03-27 07:30:52,,2017-06-27 05:49:57,,,
98,81,1,2017-09-03 15:09:42,2018-03-18 04:59:49,2017-05-28 06:36:31,,,2018-01-27 09:49:10,
17,32,10,2017-08-02 02:11:22,2017-12-07 03:36:23,,2017-12-07 20:17:10,2017-12-07 15:24:26,,2017-10-07 02:10:06
46,11,7,2017-12-13 20:42:23,2017-06-10 13:31:33,2017-05-12 19:10:53,,,,
32,1,2,2017-05-15 22:24:25,2017-06-09 16:16:21,2017-11-30 05:29:09,2017-08-19 08:21:16,,2018-02-02 04:38:00,
52,73,6,2017-10-03 10:56:15,2018-01-26 13:35:10,,2017-10-02 02:30:02,,2017-09-29 07:06:38,
49,9,1,2018-01-30 23:41:38,2018-01-04 13:19:47,,,,,
62,92,1,2017-06-18 00:29:54,2017-09-18 23:52:42,2017-04-28 14:00:55,,,,
72,50,6,2017-09-29 04:05:57,2018-01-05 23:55:05,2017-10-07 19:26:21,,,2017-04-02 19:21:49,
2,83,7,2017-12-05 06:35:57,2018-01-15 08:08:15,2017-08-30 18:01:53,,,,
39,92,2,2017-08-05 12:12:27,2017-11-17 09:30:50,2017-06-16 22:54:23,,,,
4,67,10,2017-05-23 23:18:10,2017-10-20 03:04:26,2017-07-17 06:19:44,,,2018-02-18 00:55:13,
1,21,6,2017-12-15 00:20:42,2017-10-06 21:11:14,2017-06-08 08:50:19,,,,
23,50,8,2017-05-02 09:17:07,,,2017-04-09 20:57:32,2017-09-19 20:02:01,,2017-04-26 11:31:15
93,80,3,2018-01-25 00:47:37,2017-12-15 10:37:43,,2017-09-30 22:22:38,,,
66,32,3,2017-07-26 16:52:38,2017-10-06 09:23:31,2017-11-12 17:44:10,,,,
57,66,1,2018-02-27 01:49:08,2017-10-17 10:45:25,,,,,
79,2,6,2018-01-05 00:15:38,2018-01-21 03:44:27,2017-10-09 18:04:07,,,2017-08-21 19:13:31,
13,51,10,2017-09-07 08:49:02,2017-08-14 21:49:40,2017-04-07 02:21:20,,,,
98,94,8,2017-05-25 06:36:18,2017-09-15 00:41:25,2017-11-16 23:20:35,2017-12-12 06:47:37,,2017-04-23 06:17:32,
50,1,5,2017-11-20 07:56:36,2018-01-07 07:03:14,,,,,
35,45,5,2017-09-18 12:15:50,2017-08-10 16:41:48,2017-05-18 10:27:51,,,2018-03-06 13:30:42,
51,36,9,2017-12-21 12:13:53,2017-07-25 08:00:51,2018-02-06 16:31:44,,,,
29,38,7,2018-02-16 21:38:26,2018-01-01 18:44:31,2017-12-02 12:19:44,,,2018-01-02 01:46:25,
48,69,6,2017-11-28 08:01:29,2017-04-16 16:27:44,2018-02-22 04:08:01,2017-11-04 16:10:01,,,
87,53,3,2017-05-22 00:34:24,2017-10-24 09:40:56,2017-04-15 01:22:53,,,2017-06-13 03:30:55,
2,31,8,2017-07-17 22:39:38,,2017-05-30 16:00:22,2018-03-18 17:58:22,,2017-07-03 13:02:20,
26,17,4,2017-03-29 14:31:09,2017-06-07 16:35:25,2018-02-02 03:54:51,,,2018-03-23 13:51:44,
11,89,7,2018-02-23 19:21:59,2017-07-20 18:49:19,,2017-03-30 10:52:31,,2017-06-27 22:12:52,
93,52,5,2017-04-14 17:47:18,2017-08-09 06:46:54,2017-08-17 00:26:45,,,2017-11-12 10:49:05,
93,78,9,2017-11-28 15:24:23,2017-08-04 15:37:21,2018-02-22 20:28:24,2018-01-05 20:33:44,,,
68,6,8,2018-02-11 04:52:43,,,,,,
46,49,4,2017-05-28 06:14:53,2017-08-22 02:43:11,,,2018-02-04 13:22:57,2017-12-20 01:40:01,2017-12-24 04:46:01
35,99,5,2017-07-12 00:53:30,2017-08-05 16:30:07,,,,,
43,26,7,2017-04-02 15:38:38,2017-08-04 03:28:02,2017-04-02 09:50:38,,,,
32,35,10,2017-04-27 19:31:08,2017-05-25 04:36:57,,,2017-07-15 08:40:06,2017-07-06 03:27:36,2018-01-06 08:04:32
7,92,4,2017-03-29 07:05:09,2017-12-11 11:11:59,2017-05-23 12:00:39,,,2018-03-09 19:15:05,
69,62,6,2018-01-30 23:43:20,2017-08-01 19:05:40,2017-08-23 05:33:48,2018-03-24 16:28:17,,2017-06-05 01:38:06,
16,84,2,2018-02-19 02:07:20,2017-04-19 02:04:17,,,,,
23,81,2,2017-12-30 04:47:51,2017-10-01 10:46:01,,,,2017-12-04 14:05:38,
14,47,7,2017-10-02 19:49:42,2017-06-13 13:45:58,,,,,
12,26,4,2017-09-02 11:12:06,2017-07-22 21:53:19,2017-10-11 07:36:50,,,,
95,33,4,2017-12-16 22:43:28,2017-05-01 04:02:00,,,,2017-05-19 15:14:48,
39,63,3,2017-12-09 14:21:36,2018-01-30 08:06:33,,,,,
53,61,4,2017-09-14 08:36:46,2017-05-09 19:34:48,,,,2017-08-10 18:55:03,
78,29,6,2017-08-05 16:41:53,2017-08-22 09:52:35,,,,2018-01-08 05:08:05,
80,91,6,2018-02-11 19:05:39,2018-01-13 21:32:14,,,,,
93,96,9,2017-05-24 04:58:19,2017-11-14 13:00:21,2017-12-05 13:01:33,2018-02-25 09:03:10,,,
91,76,2,2018-02-07 21:21:27,2018-03-03 16:52:55,,2017-04-20 18:51:26,,2017-09-18 04:23:47,
39,25,10,2017-10-08 18:36:30,2018-01-12 07:04:19,2018-01-07 21:34:26,,,,
39,43,5,2017-11-14 05:32:52,2018-01-23 06:37:01,2017-04-08 19:32:19,,,,
48,98,10,2017-12-30 00:04:26,2017-08-23 04:09:13,,,,,
60,85,2,2018-02-10 21:11:31,2017-11-22 09:23:49,2017-09-15 19:16:28,,,,
48,26,1,2018-01-16 10:06:52,2017-11-18 21:59:04,2017-10-11 19:36:06,2017-09-29 11:49:04,,,
80,65,1,2018-01-17 13:53:50,2017-06-04 02:56:08,2017-04-09 13:00:45,,,,
97,16,4,2017-09-01 04:25:35,,2017-11-18 20:28:42,2017-04-27 19:09:02,,2018-02-20 11:35:39,
9,61,5,2017-12-15 21:36:39,2018-01-05 11:14:06,,,,,
10,13,3,2017-09-25 22:10:02,2018-01-17 00:55:01,,,,2017-12-04 18:55:08,
98,50,1,2018-01-19 22:22:25,2017-10-14 18:07:52,,,,,
14,3,5,2018-01-31 14:36:14,2017-11-12 05:28:40,2018-01-16 07:43:52,,,,
93,34,6,2017-05-27 07:42:04,2017-11-25 05:14:23,2017-10-22 20:52:43,,,,
73,11,3,2018-03-11 18:36:32,2017-07-24 00:03:50,2017-07-17 18:01:19,,,,
81,89,7,2017-09-14 09:00:35,2017-07-13 00:14:34,,,2017-11-26 01:21:58,,2018-01-17 09:10:36
69,61,10,2018-03-17 01:42:22,2018-03-07 07:18:49,,2018-02-01 07:15:04,,,
25,42,5,2017-10-24 22:53:42,2017-12-19 09:30:44,,,,2017-06-20 10:01:21,
95,12,9,2017-05-14 16:39:55,2017-08-29 14:41:12,2017-10-07 08:25:43,,,2018-02-01 04:57:27,
48,33,3,2017-04-24 22:23:25,2017-04-27 14:14:52,,,,2017-12-16 04:17:14,
45,35,3,2017-09-09 07:26:41,,,,,,
58,54,8,2017-07-19 21:16:23,2018-01-22 02:38:33,2018-01-21 04:01:22,,,,
27,85,10,2017-10-30 00:20:39,2017-06-03 21:12:45,,,,,
45,86,1,2018-01-28 06:58:41,2017-10-16 08:30:40,,2017-11-18 04:32:33,,,
100,31,9,2018-02-03 05:26:56,2017-07-11 12:35:08,,2018-02-24 21:18:29,,,
68,19,6,2017-07-26 11:12:05,2017-06-29 20:41:17,,,,,
74,7,3,2017-06-18 22:51:42,2017-05-03 08:17:56,,,,2017-11-27 14:51:39,
50,33,5,2017-04-17 21:31:43,2017-05-26 13:32:52,2017-08-14 23:31:18,,,,
19,30,6,2017-12-12 01:38:28,2017-04-07 20:21:23,2017-09-22 09:24:58,,,,
38,27,8,2017-09-10 18:13:50,2018-03-02 06:55:03,,,,,
97,81,3,2017-05-15 07:59:43,2017-04-24 07:12:59,,,,2017-08-11 05:50:27,
8,54,8,2017-12-23 21:01:46,2017-04-23 00:02:17,2018-01-23 23:59:45,,,,
63,88,6,2017-12-08 21:35:18,2017-05-24 00:35:47,2017-06-18 01:19:14,2017-12-22 02:21:33,,,
85,97,9,2017-05-07 02:05:57,2017-10-25 18:44:43,2017-11-11 07:20:46,,,,
31,47,10,2017-08-09 19:15:49,2018-03-17 20:11:59,2018-02-16 16:58:37,,,,
29,77,7,2017-06-03 19:14:49,,,,,,
13,42,4,2018-01-19 00:50:39,2017-06-19 04:05:22,2017-04-01 14:00:24,,,2018-03-08 22:47:13,
67,75,2,2017-12-17 00:18:53,2017-04-23 13:34:58,2017-07-07 07:56:00,,,,
7,4,9,2017-04-03 10:58:21,2017-09-08 06:08:46,2018-03-10 09:50:56,,,,
43,13,10,2017-09-08 15:43:46,2017-10-19 11:55:39,2017-09-10 04:48:01,,2017-07-20 18:08:45,,2018-02-12 20:27:59
42,18,8,2017-09-13 05:33:56,2017-08-04 18:31:42,2018-03-23 03:06:41,2018-01-01 22:09:12,,2017-07-15 06:29:31,
5,25,9,2018-02-07 02:53:41,2017-05-14 17:42:18,,,,2018-01-02 17:49:24,
33,14,6,2018-02-27 20:41:48,2017-07-31 15:28:30,,,2017-09-03 11:45:52,,2017-10-30 20:26:04
79,85,4,2017-11-13 09:48:55,2018-01-06 18:06:21,,,,,
43,41,4,2017-09-18 20:57:37,2017-11-17 08:07:33,2018-02-20 08:31:28,,2017-09-05 18:21:21,,2017-10-05 01:31:51
70,29,3,2017-06-15 17:56:10,2017-06-25 18:01:30,2017-12-22 08:27:51,,,,
93,25,1,2017-06-07 06:33:20,2017-07-19 04:58:26,,,,,
60,41,4,2017-11-22 13:07:54,2017-06-01 22:44:39,2018-01-07 02:44:20,,,2017-08-11 21:08:18,
45,79,4,2018-03-27 09:33:33,2017-04-12 18:59:35,,,,,
76,98,7,2017-07-25 16:22:05,2017-06-03 02:55:14,2017-03-30 08:08:16,,,,
22,65,6,2018-03-12 03:44:04,2017-10-30 18:10:02,2017-12-15 13:14:28,2017-09-17 06:09:27,,,
24,71,1,2017-05-21 21:37:44,2018-02-26 12:17:43,2017-04-22 01:44:29,,,,
46,26,1,2017-11-30 09:05:12,2017-12-16 19:25:50,2018-03-19 13:32:26,2017-10-10 12:19:38,,,
66,16,9,2017-10-13 06:55:04,2017-05-10 15:15:49,2018-03-26 04:31:44,,,2017-08-07 04:37:53,
96,92,9,2017-08-03 04:19:06,2017-05-12 02:39:35,,,,,
70,33,7,2018-01-26 11:55:49,2018-01-17 21:40:01,2017-06-29 19:56:47,,,,
10,67,2,2017-10-28 12:10:29,2017-08-02 01:23:58,2017-04-16 08:29:31,,,2017-07-14 19:41:25,
41,24,4,2018-01-15 04:41:02,2017-09-20 19:31:39,2017-09-15 19:05:29,,,,
34,26,6,2017-08-25 18:20:24,2017-12-10 13:53:13,2017-10-09 15:49:29,2017-06-10 07:23:20,,2017-12-21 20:54:12,
69,80,6,2018-02-17 08:23:46,2018-03-02 23:17:51,,2018-01-17 03:25:00,,,
43,60,4,2018-03-01 08:42:54,2017-12-25 22:41:22,2018-02-02 09:28:11,,,,
15,64,9,2018-03-24 01:50:25,2018-03-02 14:52:07,2017-10-01 20:19:45,,,2017-07-26 01:56:31,
97,26,3,2017-09-13 01:45:48,2018-02-03 19:49:27,2017-04-12 04:59:42,,,2017-10-25 06:28:02,
9,59,4,2018-03-05 04:56:37,2017-08-21 05:06:59,2017-04-11 08:57:37,2018-02-27 12:54:46,,,
64,29,7,2017-10-15 09:20:54,2017-05-11 22:38:01,,,,,
88,36,10,2017-05-04 01:59:13,2017-10-14 13:00:14,2018-01-12 06:47:49,,,,
86,18,7,2017-11-25 05:20:57,2018-03-01 15:22:21,,,,,
82,42,2,2017-06-03 16:29:06,2018-03-06 18:46:42,2017-06-24 09:19:10,,2017-04-14 03:43:44,,2018-03-04 19:41:11
60,3,7,2017-07-11 11:33:03,2017-08-14 18:29:24,2017-04-12 19:21:17,,,,
10,11,4,2017-09-08 17:56:18,2017-12-06 16:17:12,,,,,
26,18,2,2017-09-10 06:42:59,2017-04-01 04:10:37,2017-09-16 19:49:21,,,2017-11-14 17:34:33,
61,40,7,2017-08-24 00:55:45,2017-10-16 20:36:10,2017-05-24 11:24:07,2017-09-07 02:54:54,,,
62,91,10,2018-01-16 04:04:00,2017-09-09 09:53:00,2018-03-13 06:21:14,,,2017-11-05 00:33:13,
41,85,9,2018-01-15 14:33:45,,,,,2017-06-27 11:48:18,
96,22,5,2017-09-13 19:26:40,2017-04-10 17:28:48,2017-10-05 18:29:13,,,,
13,74,1,2017-09-05 20:50:49,,,,,2018-03-20 22:47:41,
53,91,3,2017-11-16 07:37:20,2017-10-04 01:13:26,2017-08-30 10:51:04,,,2017-06-13 03:06:53,
46,32,10,2017-08-19 06:12:51,2017-06-13 07:31:43,2018-03-24 22:45:12,,,,
72,100,7,2017-12-18 14:53:21,,,,,,
41,21,3,2018-03-22 09:37:49,2017-09-22 21:08:18,2017-08-24 07:39:56,,2017-04-01 11:13:39,2017-11-10 19:39:48,2017-05-30 14:58:21
16,26,3,2018-03-04 13:24:00,2018-02-25 12:26:39,2018-02-23 07:42:39,2017-10-22 18:05:23,,2018-02-05 10:58:05,
37,19,3,2017-11-13 21:42:36,2017-09-26 21:58:49,,,,2017-09-03 12:28:13,
40,23,9,2017-11-19 10:05:57,2018-01-26 14:16:16,2017-05-17 19:30:47,,2017-11-03 03:21:21,,2017-06-25 21:44:35
8,85,3,2017-07-30 01:29:25,2017-09-16 05:33:59,2017-04-11 16:26:38,,,,
81,85,5,2018-03-12 05:13:05,2017-08-31 14:28:26,2017-08-01 13:18:27,,,,
100,15,8,2017-09-01 12:12:46,2017-12-08 10:02:42,2017-09-18 15:44:25,,,,
92,16,8,2017-12-02 21:08:04,2018-02-26 03:55:11,2017-12-03 08:49:48,,,,
36,4,2,2017-05-05 13:24:50,2017-06-30 03:05:50,2017-06-30 22:42:45,,2018-03-02 13:16:11,,2017-06-04 15:34:16
73,34,4,2017-11-10 07:42:51,2018-01-10 00:21:53,2018-02-24 11:26:38,2017-05-09 09:45:55,,,
47,46,5,2018-02-02 10:23:53,2017-04-29 07:41:44,,2017-06-22 12:11:59,,,
34,87,2,2018-01-30 14:09:25,2017-05-28 14:55:31,2017-07-02 20:29:23,,,2018-02-20 21:04:35,
70,62,8,2017-09-11 04:57:44,2017-08-18 15:53:41,2017-05-10 09:00:40,2017-08-11 20:08:25,,,
18,95,10,2017-05-02 05:27:02,2017-08-09 17:46:07,2017-05-17 08:34:33,,2017-12-20 08:34:15,2017-06-01 18:47:46,2018-02-13 09:29:54
83,30,4,2017-06-01 16:09:19,,2018-01-27 07:29:16,,,,
81,46,6,2018-01-30 04:35:03,2017-04-20 16:12:16,,2017-08-02 16:17:01,2018-01-02 17:38:36,,2017-07-08 01:37:54
20,69,10,2018-03-02 09:02:50,2017-08-14 03:14:59,2018-01-15 12:17:57,,,2017-08-19 09:03:18,
70,67,10,2017-09-10 09:53:48,2017-08-02 05:41:26,2017-10-18 11:12:05,,,2018-03-26 12:23:31,
47,3,6,2017-11-17 19:59:29,2017-11-24 19:44:05,2017-10-28 16:16:00,,,2017-09-10 02:14:41,
12,3,4,2018-02-05 17:43:03,2017-11-20 18:58:13,,,2018-02-20 03:00:31,2017-12-17 07:55:55,2017-07-07 15:25:03
24,35,10,2017-11-16 01:56:26,2017-09-17 18:17:15,,,,,
65,19,7,2017-12-17 10:27:52,2017-06-09 12:03:40,,,,,
65,15,6,2017-06-25 02:04:07,,2017-03-31 13:59:01,,,,
9,38,7,2017-04-12 13:54:22,2017-07-26 11:40:39,2018-03-10 16:55:28,,,,
4,17,6,2017-07-01 13:00:14,2017-11-27 09:01:44,2017-06-30 03:23:33,2017-08-27 11:19:10,2017-12-29 20:32:49,2018-01-31 13:27:52,2018-02-20 03:26:28
40,22,3,2018-03-19 03:47:43,2018-01-11 07:35:58,2017-09-28 19:26:56,,,,
76,20,3,2017-11-13 05:24:05,2017-12-02 07:32:42,2017-07-03 13:08:50,,,,
66,54,5,2017-03-29 15:51:54,2017-05-12 23:00:14,2017-05-20 14:25:37,,,2017-04-24 12:46:32,
95,10,7,2017-04-30 22:44:35,2017-07-15 06:10:05,2017-06-01 03:11:07,2017-12-31 01:33:20,,,
81,70,8,2017-06-06 14:55:17,2017-06-06 23:55:54,2017-08-11 11:13:18,2017-07-01 16:22:15,,,
52,28,8,2017-11-03 19:44:13,2017-09-23 08:29:16,2017-08-06 02:36:36,,,2017-06-05 05:10:50,
66,46,6,2017-07-20 04:05:15,2017-06-16 18:09:23,2018-01-17 04:23:41,,,2017-09-23 17:48:38,
67,14,4,2018-01-11 23:33:30,2018-02-17 02:39:15,2017-10-25 01:24:22,,,,
3,28,5,2017-12-05 16:53:04,2017-08-05 08:16:31,2017-06-28 20:39:30,,,,
69,50,7,2017-05-27 15:20:57,2017-10-04 10:12:57,2017-12-25 16:35:27,2017-09-19 08:20:11,2017-07-31 05:23:39,2018-03-02 13:30:19,2017-09-12 00:13:34
15,87,3,2017-05-09 23:23:12,2017-10-16 12:11:12,,,,,
87,15,10,2018-01-17 12:06:30,,2018-02-23 23:40:26,,,,
7,62,7,2017-09-28 03:38:38,2017-07-12 01:51:25,2017-06-12 00:50:36,2017-09-27 15:04:10,,,
66,37,6,2017-06-11 19:10:00,2017-08-05 16:10:27,,,,,
43,55,5,2018-01-24 18:39:15,2017-12-15 18:24:09,2017-06-10 22:06:08,,2017-08-25 14:54:06,,2017-06-17 22:16:31
30,10,9,2018-02-13 20:18:12,2017-08-06 16:59:13,,,2017-05-29 17:26:43,,2017-05-19 11:35:41
16,59,4,2017-08-28 06:20:17,2017-05-15 23:40:04,2018-01-23 10:12:01,2017-12-29 05:18:11,,,
87,13,1,2018-02-27 02:17:48,2017-07-13 10:36:30,2017-09-16 03:49:42,,,,
37,50,9,2017-08-26 23:06:33,2018-01-29 14:17:24,2018-02-14 00:31:28,2017-05-01 23:43:54,,,
27,95,4,2017-12-06 16:21:14,2017-11-30 10:34:21,2017-07-23 23:15:35,,,,
53,27,8,2017-06-14 02:24:16,2018-01-26 13:45:57,,2017-08-25 19:13:02,,,
84,36,10,2017-04-07 09:56:59,,2017-07-05 00:57:14,,,,
66,80,8,2017-08-10 16:38:32,2017-04-01 23:17:56,2017-10-02 21:06:21,,,2018-01-18 13:13:27,
5,56,7,2018-03-22 09:22:59,2017-07-08 01:19:31,2017-08-10 23:16:00,,,,
51,94,10,2017-09-25 11:29:18,2017-11-09 10:45:17,2017-04-30 20:08:54,,,2017-04-26 16:57:12,
86,98,5,2017-10-25 02:35:46,2017-06-04 13:03:09,2017-11-27 12:59:31,,,,
32,14,4,2017-12-05 18:03:36,2017-10-11 23:13:37,2017-10-20 12:56:28,,,2017-08-20 23:45:42,
5,94,9,2018-01-10 07:46:31,2017-04-25 16:46:10,2017-11-06 07:12:28,,,,
57,92,1,2017-09-06 04:03:24,2018-01-17 05:39:44,,,,2018-02-03 07:09:39,
26,87,9,2018-02-07 16:43:20,2017-08-13 22:13:40,2018-01-13 16:27:32,,,2017-12-06 07:58:21,
35,76,8,2017-12-19 22:50:35,2017-08-05 22:01:18,,,,,
11,47,10,2018-03-03 04:17:51,2017-07-24 08:14:14,2017-09-16 03:45:38,,,2017-06-24 21:09:00,
94,65,8,2017-10-17 09:13:36,2018-01-26 16:06:10,2017-10-08 05:50:27,,,,
17,13,3,2018-02-17 19:52:51,2017-10-15 05:47:44,2017-08-27 08:45:28,,,2017-09-03 19:43:22,
28,41,3,2017-06-15 05:44:13,2017-11-04 02:00:30,,,,,
70,85,9,2017-08-06 21:54:32,2017-09-23 06:55:21,2017-11-28 02:46:26,2018-03-07 05:10:05,,2017-08-09 00:57:27,
24,52,1,2017-11-17 12:47:33,2017-11-24 22:48:44,,,,,
57,39,2,2017-08-06 13:48:39,2017-11-28 21:25:50,,,,,
57,98,3,2017-10-30 20:10:46,2017-12-11 05:40:13,2018-01-13 04:12:30,2017-10-23 05:38:57,2017-09-30 23:19:15,,2018-02-19 18:45:18
46,19,7,2018-03-25 16:21:50,2017-12-31 23:09:04,2017-12-02 10:22:44,2017-09-08 00:11:40,2018-01-24 02:25:58,,2018-02-09 11:03:10
80,52,9,2018-03-26 03:55:28,2018-03-08 12:51:26,2017-08-13 22:31:09,,,,
57,95,10,2018-01-25 05:33:29,2017-08-06 22:17:10,,2017-10-08 08:24:26,,2017-03-31 11:26:14,
79,66,3,2018-03-09 07:30:47,2017-04-26 08:10:24,2017-06-10 04:54:27,,,,
9,49,5,2017-10-27 19:16:27,2017-12-23 22:27:03,2017-08-22 00:11:01,2017-10-03 21:20:53,,2017-08-06 18:42:19,
64,48,4,2018-01-06 05:15:16,2017-08-10 02:08:21,,,,,
24,73,8,2018-01-15 16:53:48,2017-08-03 13:43:46,2018-01-30 23:36:15,,,2017-11-14 13:23:50,
92,28,4,2017-04-17 19:24:27,2017-08-20 22:09:35,2018-03-13 18:48:15,,,,
48,34,3,2017-09-27 08:17:22,2018-02-10 02:51:25,,,,,
60,26,10,2018-03-24 03:00:43,2017-05-28 10:20:25,2018-01-29 04:09:51,,,,
59,91,2,2018-01-02 06:40:01,2017-08-31 19:18:49,2017-06-02 12:45:31,,,2018-01-29 03:21:38,
98,99,8,2017-10-28 17:33:22,,2018-01-25 10:32:58,2018-01-27 20:01:55,,2017-10-16 20:21:16,
66,19,3,2017-06-14 20:39:44,2018-01-24 09:19:58,2017-04-06 12:28:21,,,,
38,31,1,2017-10-20 18:19:22,2017-09-04 13:37:08,2017-12-20 01:50:24,,,,
74,91,1,2017-09-21 11:39:57,2017-07-22 18:27:48,,,2018-02-03 22:41:13,2017-11-02 07:05:37,2018-02-17 23:34:43
42,76,5,2017-07-30 02:09:16,2017-12-26 16:31:12,2017-06-16 22:28:51,2017-06-01 23:38:43,,2017-12-05 06:36:24,
4,37,10,2017-10-03 18:26:29,2018-03-11 13:38:29,2017-07-23 11:26:04,,,,
87,52,8,2017-04-30 04:55:55,2017-10-19 12:17:15,,,,2017-06-06 17:16:19,
44,3,1,2018-02-02 15:55:28,2018-02-26 08:41:42,2018-03-23 21:29:35,,,,
86,38,6,2018-03-09 22:16:00,2017-09-08 09:18:10,2018-02-13 18:16:46,,,,
4,35,1,2017-08-12 23:09:51,,,,2017-12-28 22:30:19,,2017-04-26 21:53:18
20,84,2,2018-02-21 04:26:27,2017-08-18 03:10:20,2017-08-27 05:06:33,,,2017-10-18 11:08:12,
20,99,4,2017-08-09 09:45:43,2017-04-17 08:18:24,,,,,
79,25,5,2017-06-01 11:03:42,2017-10-01 06:01:51,,,,,
